adb6775945	clarng	Wed Mar 29 17:06:29 2023	[core] node affinity soft chooses another node if it is not available (#33856)
eae4e78a41	Balaji Veeramani	Wed Mar 29 17:01:02 2023	[CI] Disable Ray log deduplication for doctests (#33885)
19addb21f0	Jiajun Yao	Wed Mar 29 16:01:57 2023	Migrate dataset_shuffle_random_shuffle_1tb to v2 stack (#33883)
047abf56b2	Clark Zinzow	Wed Mar 29 15:31:00 2023	[Datasets] Add missing passthrough args to read_images() (#32942)
dc0cee4c33	Jian Xiao	Wed Mar 29 15:19:56 2023	Deprecate ds.lazy() since Dataset is lazy already (#33812)
b9a8ee9116	Kai Fricke	Wed Mar 29 15:07:16 2023	[tune] Fix new output path with new execution path [no_early_kickoff] (#33880)
6c142b32b9	Archit Kulkarni	Wed Mar 29 14:11:39 2023	[cluster launcher] Deflake AWS cluster launcher test by adding retries (#33774)
ea6eedfa7a	clarng	Wed Mar 29 13:56:07 2023	[core][release] 2.4.0 release logs (copied over from 2.3.0) (#33875)
816ef72c78	Eric Liang	Wed Mar 29 13:08:03 2023	 [data] Fix use of deprecated API in new batching code path
1c2e8e2ddd	Avnish Narayan	Wed Mar 29 12:24:40 2023	[RLlib] Remove `is_distributed()` and `make_distributed()` functions for Learner API (#33781)
e6c8109401	Jiajun Yao	Wed Mar 29 12:20:08 2023	Improve the serialization error for tasks, actors and ray.put (#33660)
fe109b06ef	Amog Kamsetty	Wed Mar 29 12:04:00 2023	[Data] [Docs] Add WebDataset to docs (#33793)
a701fa11f5	Sven Mika	Wed Mar 29 10:09:31 2023	[RLlib] Don't serialize config in Policy states (unless needed for msgpack-type checkpoints). (#33865)
ef4bf74f2a	Max Pumperla	Wed Mar 29 10:03:12 2023	[docs] collapse navbar for speed (#33800)
ef31bc6aa8	Sven Mika	Wed Mar 29 08:44:50 2023	[RLlib] Fix MultiCallbacks class: To be used only with utility function that returns a class to use in the config. (#33863)
bb9247c8fb	Candy Lv	Tue Mar 28 23:26:03 2023	[Java] Fix snakeyaml CVE (#33843)
f3e56598a2	Kai Fricke	Tue Mar 28 17:33:23 2023	[ci] Split docker image tagging in build script (#33804)
9f44188023	Scott Lee	Tue Mar 28 16:13:59 2023	[Datasets] [CI] Parallelize Dataset CI tests (#33443)
950bd3bc14	Jiajun Yao	Tue Mar 28 16:10:52 2023	[workflow] Fix workflow doc code (#33808)
af759eb7c9	Cuong Nguyen	Tue Mar 28 14:44:01 2023	Fix a previous change that used wrong function names (#33819)
d418fa77f8	Avnish Narayan	Tue Mar 28 13:39:55 2023	[RLlib] Fix APEX-DQN deprecated `add_batch` call (replace with `add`). (#33814)
23c8012f80	Zhi Lin	Tue Mar 28 11:21:18 2023	[Ray Data] fix problem: to_pandas failed on datasets returned by from_spark (#32968)
bb1909c267	Jun Gong	Tue Mar 28 11:17:45 2023	[RLlib] `AlgorithmConfig.update_from_dict` needs to work for MultiCallbacks. (#33796)
639188b9f5	Cuong Nguyen	Tue Mar 28 10:56:54 2023	[CI][GCI/2] Add the ability for AnyscaleJobRunner to run on GCE host (#33772)
25d9917568	Amog Kamsetty	Tue Mar 28 10:56:25 2023	[Data] [hotfix] Fix `test_stats` (#33788)
97f8ba1d5d	Chen Shen	Tue Mar 28 10:56:05 2023	[Ci][owner] update ci related owners
50d7852f83	kourosh hakhamaneshi	Tue Mar 28 09:54:52 2023	[RLlib][RLModule] Fixed the learning test regression introduced via learner_api in pendulum (#33778)
7244669962	Antoni Baum	Tue Mar 28 09:18:12 2023	[AIR] Add `artifact_location`, `run_name` to MLFlow integration (#33641)
43109936fd	Balaji Veeramani	Mon Mar 27 23:38:47 2023	[no_early_kickoff] [AIR] Deprecate `TensorflowCheckpoint.get_model` `model_definition` parameter (#33776)
2988a38b87	matthewdeng	Mon Mar 27 23:33:51 2023	[no_early_kickoff][train] Hard deprecate Backend encode_data/decode_data (#33784)
02568af425	matthewdeng	Mon Mar 27 23:33:25 2023	[no_early_kickoff][tune] Hard deprecate Tune MLflow/W&B mixin/callbacks (#33782)
27c4dd6b0b	Amog Kamsetty	Mon Mar 27 23:32:31 2023	[AIR/Data] Deprecations for 2.4 (#33765)
b5312d1aae	Artur Niederfahrenhorst	Mon Mar 27 23:16:13 2023	[RLlib] Add free floating logstd to RL Modules/Catalog (#33673)
6453e8ff2a	Cheng Su	Mon Mar 27 22:54:41 2023	[Datasets] Remove join as potential improvements in doc (#33794)
950fc333d1	Justin Yu	Mon Mar 27 22:50:44 2023	[Tune] Don't recommend `tune.run` API in logging messages when using the `Tuner` (#33642)
b6958ed1a5	Justin Yu	Mon Mar 27 22:49:47 2023	[no_early_kickoff] [Tune] Update `Tuner.restore` usage to prepare for `trainable` becoming a required arg (#32912)
9b8d4ce858	Justin Yu	Mon Mar 27 22:48:46 2023	[Train] Recommend `Trainer.restore` on errors raised by `trainer.fit()` (#33610)
3ad40a40f1	Jiajun Yao	Mon Mar 27 22:44:16 2023	[Doc] Revamp ray core design patterns doc [19/n]: async actor (#33595)
38e1afc34e	Cheng Su	Mon Mar 27 22:30:24 2023	[Datasets] Add meta_provider parameter into read_images (#33791)
a89c8d3330	Cade Daniel	Mon Mar 27 22:26:35 2023	[Core] Experimental preload_python_modules flag for preloading modules in default_worker (#33572)
1dca9c8110	Dean Wampler	Mon Mar 27 21:35:39 2023	Added missing closing parentheses and parenthetical remark that pyarrow has to be imported. (#33742)
5240597f6b	Cheng Su	Mon Mar 27 21:34:08 2023	[Datasets] Allow read_binary_files(output_arrow_format=True) to return Arrow format (#33780)
3539b61205	Eric Liang	Mon Mar 27 21:33:20 2023	[core] Deduplicate repetitive logs across the cluster (#33403)
d5b97274d6	Avnish Narayan	Mon Mar 27 20:23:00 2023	Pin framework to tf in AIR rl offline trainer example (#33750)
f599074d67	Kai Fricke	Mon Mar 27 18:54:43 2023	[tune] ExperimentAnalysis: Ignore empty checkpoints but don't fail (#33770)
e47de29872	Kai Fricke	Mon Mar 27 17:27:06 2023	[tune] Fix ensure directory in bucket path sync [no_early_kickoff] (#33692)
f20425dba2	Eric Liang	Mon Mar 27 17:20:45 2023	[data] [streaming] Fix a few backpressure issues with streaming (#33711)
bbc6d3cb95	kourosh hakhamaneshi	Mon Mar 27 17:15:07 2023	[RLlib][RLModule] Disable RLModule in test_ppo.py since the test is overly designed with ModelV2 stack in mind. Also the schedulers for entropy coeff / learning rate are not supported in the learner yet (#33757)
5f50e5b27e	Artur Niederfahrenhorst	Mon Mar 27 17:14:17 2023	[RLlib]Fix categorical nested inside multi distribution (#33768)
c1916b040e	Ricky Xu	Mon Mar 27 17:08:56 2023	[dashboard] Add error type and error message to dashboard for task tables (#33689)
f19018edb2	Amog Kamsetty	Mon Mar 27 16:43:11 2023	[data] [3/3] [no_early_kickoff] Async iter batches e2e (#33620)
b4998e6f29	Cuong Nguyen	Mon Mar 27 16:07:00 2023	[CI][GCE/1] Setup dependencies to run GCE tests in buildkite (#33630)
b741afb75b	Amog Kamsetty	Mon Mar 27 15:42:47 2023	[Data] Don't automatically move batches to device if `collate_fn` is specified (#33761)
d127273ec7	Sven Mika	Mon Mar 27 15:31:10 2023	[RLlib] Fix: Recovered eval worker should use eval-config's policy_mapping_fn and policy_to_train fn, not the main train workers' ones. (#33648)
29cfe48347	Sihan Wang	Mon Mar 27 14:39:24 2023	[Serve] Enable serve metrics lib working in ray actor (#33717)
11058894b1	Jian Xiao	Mon Mar 27 14:25:18 2023	[Data] Repurpose streaming CI to bulk CI(#33478)
8e92dc382c	SangBin Cho	Mon Mar 27 14:03:01 2023	[Test] Fix out of disk error (#33732)
7a365f7104	SangBin Cho	Mon Mar 27 14:01:10 2023	[Test] Fix the failing workflow test_dataset after streaming executor is enabled.  (#33736)
cdfa446cac	Eric Liang	Mon Mar 27 14:00:51 2023	[data] [streaming] Dataset.cache() doesn't work properly for streaming executor (#33713)
4b0ded2c75	kourosh hakhamaneshi	Mon Mar 27 13:44:32 2023	[RLlib][RLModule] Use forward_exploration() inside the unit-test for test_log_likelihood since the action_logps are not necessary fields for exploration (#33745)
23456e65e3	clarng	Mon Mar 27 13:39:08 2023	[infra] increase Build timeout (#33756)
c7143398c9	Sihan Wang	Mon Mar 27 13:17:25 2023	[Serve] Fix the serve.batch api doc (#33588)
8a4181fd0a	Jiajun Yao	Mon Mar 27 13:13:56 2023	Deprecate RuntimeContext.get (#33734)
583a6298b5	xwjiang2010	Mon Mar 27 12:43:18 2023	Revert "Revert "[tune-telemetry] Tag searcher and scheduler types. (#33561)"" (#33740)
2a554a29ac	Jiajun Yao	Mon Mar 27 11:44:39 2023	Retry REDIS_REPLY_ERROR for RedisClient::GetNextJobID (#33733)
b5bc1139d7	Archit Kulkarni	Mon Mar 27 10:08:58 2023	[Jobs] Fix race condition on submitting multiple jobs with the same id (#33259)
bdc16a649b	James Clark	Mon Mar 27 10:04:29 2023	[runtime env] Close schema after loading and continue on error (#33535)
1b11b2c805	Clark Zinzow	Mon Mar 27 09:39:04 2023	[Datasets] [Operator Fusion - 3/N] Add operator fusion benchmark. (#32747)
7dac36557f	kourosh hakhamaneshi	Mon Mar 27 09:27:16 2023	[RLlib][RLModule] Disabled RLModule API on cartpole_ppo_fake_gpu tests becauase of LSTMs (#33728)
ba04d01ee0	kourosh hakhamaneshi	Mon Mar 27 09:26:49 2023	[RLlib][RLModule] Disabled RLModule in Two trainer workflow example (#33727)
14c159523a	kourosh hakhamaneshi	Mon Mar 27 09:26:15 2023	[RLlib][RLModule] Disabled rl_module in one of the subtests in test_curiosity (#33726)
b1174d20b4	kourosh hakhamaneshi	Mon Mar 27 09:25:34 2023	[RLlib] Fixed a typo in multi-agent definition using RLModules in test_env_runner_v2::test_guess_the_number_multi_agent (#33723)
0ccf8e3a8f	SangBin Cho	Mon Mar 27 04:58:06 2023	[Test] Fix test event test timeout (#33704)
c6d3d619e7	matthewdeng	Sun Mar 26 21:53:40 2023	[tune] add data to CI test dependencies (#33729)
c0545c2672	SangBin Cho	Sun Mar 26 21:10:51 2023	Revert "[tune-telemetry] Tag searcher and scheduler types. (#33561)" (#33731)
3d4cffc50d	Cindy Zhang	Sun Mar 26 20:01:00 2023	[serve] Fix serve HA test (#33699)
0fa2123dc8	jiafu zhang	Sun Mar 26 18:53:08 2023	[Java] Prepend ":job_id:<jobid>" to java-worker-<jobid>-<pid>.log to make Java logging consistent with Python (#33665)
10d12f8220	Avnish Narayan	Sun Mar 26 11:35:15 2023	[RLlib] APPO TF with RLModule and Learner API (#33310)
427ac2ccf3	Artur Niederfahrenhorst	Sun Mar 26 09:26:02 2023	[RLlib] fix preprocessor test (#33719)
ea0487de51	augray	Sun Mar 26 00:20:45 2023	Update image for Sematic integration (#33469)
474b935a70	Amog Kamsetty	Sat Mar 25 11:30:30 2023	[Data] Optimize metadata creation for `RangeDatasource` (#33712)
d1d32d715e	Ricky Xu	Fri Mar 24 23:01:33 2023	[core] Task backend - surface task execution error details  (#33626)
a9eda0e939	Jian Xiao	Fri Mar 24 22:42:56 2023	[Datasets] Streaming executor fixes (#33676)
689cf9bff6	xwjiang2010	Fri Mar 24 22:35:17 2023	[tune] [no_early_kickoff] Fix `OrderedDict` import. (#33709)
a8e997bb5b	Amog Kamsetty	Fri Mar 24 20:52:11 2023	[Data] [2/3] Async iter_batches: Add interfaces and helper functions (#33605)
edd47da564	xwjiang2010	Fri Mar 24 19:25:49 2023	[hotfix] fix 3.6 compat test. (#33707)
968195c82b	Kai Fricke	Fri Mar 24 18:22:54 2023	[tune] Add TuneController [no_early_kickoff] (#33499)
c848ca9450	Cheng Su	Fri Mar 24 18:18:51 2023	[Datasets] Delete unused code in release test (#33687)
deba90917c	Artur Niederfahrenhorst	Fri Mar 24 18:06:47 2023	[RLlib] Introduce preprocessors to RLModules/Catalog (#33447)
2325a065b9	Sihan Wang	Fri Mar 24 17:56:08 2023	[Serve] Fix typo in the log message (#33702)
9775f41d6e	Kai Fricke	Fri Mar 24 17:20:56 2023	[hotfix] Fix Ray Tune output v2 failures [no_early_kickoff] (#33697)
b2654e0348	Antoni Baum	Fri Mar 24 17:16:41 2023	[Release] Fix symlink (#33696)
4e64ef3ee3	SangBin Cho	Fri Mar 24 17:15:50 2023	[Metrics] Improve the existing OOM metrics (#33453)
6934d3ba6a	Clark Zinzow	Fri Mar 24 17:14:54 2023	[Datasets] Add autoscaling cluster support to streaming executor. (#33204)
9a2d5f443e	kourosh hakhamaneshi	Fri Mar 24 17:05:58 2023	[RLlib][RLModule][build_base] Disabling RLModule API for LSTM / Attn (#33662)
12ec9d484f	Alan Guo	Fri Mar 24 16:57:52 2023	Serve deployment dashboard (#33659)
39497cc0ba	Antoni Baum	Fri Mar 24 16:55:51 2023	[no_early_kickoff][CI] Medium size test_torch_detection_predictor (#33682)
a3e147802c	SangBin Cho	Fri Mar 24 16:52:26 2023	[Events] Reenable core events and add out of disk + out of memory events.  (#33631)
dd27178a8e	Shawn Pan	Fri Mar 24 16:28:56 2023	Revert "[Release] Fix Anyscale API call (#33644)" (#33693)
cd8ce7f7db	Yunxuan Xiao	Fri Mar 24 16:21:40 2023	[Train][Doc] LightningTrainer end-2-end starter example [no_early_kickoff] (#33494)
1ffd032f5f	Sihan Wang	Fri Mar 24 16:08:08 2023	[Serve] Add tags for customer metrics automatically (#33451)
17596b03d1	kourosh hakhamaneshi	Fri Mar 24 15:57:21 2023	[RLlib][RLModule][build_base] Disabled Centralized Critic and Curiosity tests with RLModules (#33663)
bfbe8d112e	xwjiang2010	Fri Mar 24 15:52:10 2023	[air-output] Add new console output code path (behind feature flag) (#33609)
cb5bb0e980	xwjiang2010	Fri Mar 24 15:50:14 2023	[tune-telemetry] Tag searcher and scheduler types. (#33561)
8b1c702b87	kourosh hakhamaneshi	Fri Mar 24 14:25:52 2023	[RLlib][Data][build_base] Fix RLlib test build rules that should trigger when there are dataset changes.  (#33683)
3c0c0a1ee5	Cheng Su	Fri Mar 24 14:05:34 2023	[Datasets] Do not skip duplicated path in DefaultFileMetadataProvider  (#33684)
5f40e22486	Artur Niederfahrenhorst	Fri Mar 24 13:18:55 2023	[RLlib] Add support for MultiCategorical and MultiActionDistribution for RL Modules (#32938)
c71d90e6d3	Clark Zinzow	Fri Mar 24 12:30:02 2023	[Core] Turn on Python test linting for Core tests. (#29622)
8d2dc9a399	kourosh hakhamaneshi	Fri Mar 24 11:08:38 2023	[RLlib] Change default framework from tf to torch (#33604)
b725a3039d	Alex Wu	Fri Mar 24 10:56:30 2023	[autoscaler] ray status verbose improvements: display autoscaler iteration time, node type, and launch error description (#33319)
726e7a4c59	Antoni Baum	Fri Mar 24 10:56:07 2023	[CI] Fix bad link failing linkcheck (#33681)
70c4d5ce7c	kourosh hakhamaneshi	Fri Mar 24 10:34:22 2023	[RLlib][RLModule] Fixed a bug where on the new RLModule API we could not rollout (#33331)
c1e92d7826	Artur Niederfahrenhorst	Fri Mar 24 09:11:25 2023	[RLlib] Remove a warning for users that they are using the old gym API. (#33587)
b671bc0102	Artur Niederfahrenhorst	Fri Mar 24 09:11:04 2023	[RLlib] Change scope of PPO tests to comply with currently supported set of spaces in RLModules for PPO. (#32940)
cd70485579	SangBin Cho	Fri Mar 24 07:36:45 2023	[State API] Add worker startup & initialization time to state API + use it for many_tasks  (#31916)
3ca473f622	SangBin Cho	Fri Mar 24 07:35:33 2023	[Metrics] Fix per component metrics bugs.  (#33450)
ed5590797c	Cindy Zhang	Fri Mar 24 07:25:57 2023	[serve] Multi-app improvements (#33573)
08699c5d25	Yunxuan Xiao	Fri Mar 24 06:37:55 2023	[AIR] <Part 4> Lightning Trainer Release tests + docstring sample test (#33323)
903f7b65a5	xwjiang2010	Fri Mar 24 05:53:22 2023	[core] Setting ray default handler to use `logging._StderrHandler()`. (#33652)
77a42d8093	SangBin Cho	Fri Mar 24 00:21:02 2023	Revert all core tests to use anyscale runner (#33657)
fe730c5ae0	Kai Fricke	Thu Mar 23 23:51:10 2023	[air] Add `*path` properties to `Result` and `ResultGrid` (#33410)
6f699452ff	Eric Liang	Thu Mar 23 22:00:12 2023	[data] [streaming] Expose streaming config APIs in toplevel (#33653)
29979aeb3c	Cindy Zhang	Thu Mar 23 20:36:01 2023	Fix serve agent dependency (#33651)
1ca7547db1	shrekris-anyscale	Thu Mar 23 20:13:03 2023	[Serve] Add telemetry for common Serve usage patterns (#33505)
d8eff4e94d	Yi Cheng	Thu Mar 23 19:35:56 2023	[core] Fix the error message when storage is not set. (#33581)
2f01e4dab1	Yi Cheng	Thu Mar 23 19:33:35 2023	[deflakey] Try to deflakey gcs_client_test (#33616)
4bec2fdfa5	Alan Guo	Thu Mar 23 19:09:57 2023	[Dashboard] Fix newIA not respecting the "DISABLED" flag for Grafana (#33599)
38f4f86b9a	Edward Oakes	Thu Mar 23 19:09:37 2023	[serve] Add `log_to_stderr` option to logger and improve internal logging (#33597)
c5c09e80b7	Jian Xiao	Thu Mar 23 18:13:51 2023	Fix CI for streaming executor regarding order preservation (#33654)
f22fc11122	Cheng Su	Thu Mar 23 18:13:36 2023	[Datasets] Fix zip stage to preserve order when executing the other side (#33649)
227f75c4a2	Eric Liang	Thu Mar 23 17:43:52 2023	Fix api linter (#33656)
3d1f6b4aec	SangBin Cho	Thu Mar 23 17:22:15 2023	[WIP] Rewrite the dashboard documentation (#32854)
d4ee925d19	Justin Yu	Thu Mar 23 16:09:31 2023	[Tune] TrialRunner checkpointing shouldn't fail if `ray.data.Dataset` w/o lineage captured in trial config (#33565)
24a89a6ec7	Antoni Baum	Thu Mar 23 16:04:46 2023	[Release] Fix Anyscale API call (#33644)
231a1d89e8	Tom	Thu Mar 23 15:57:37 2023	WebDataset support for Ray Data (#33336)
c94fdb4fdd	SangBin Cho	Thu Mar 23 15:54:10 2023	[Core] Remove actor deletion upon job termination (#31019)
095712c453	Cindy Zhang	Thu Mar 23 15:37:30 2023	[serve] Add multi app support to `serve run` (#33347)
bccb4ca0e5	Cheng Su	Thu Mar 23 15:17:24 2023	[Datasets] Fix docstring of TFRecordDatasource (#33613)
58c3f748b9	Cheng Su	Thu Mar 23 15:17:12 2023	[Datasets] Correct link of batch inference (#33614)
f4a2044f0f	Artur Niederfahrenhorst	Thu Mar 23 15:15:10 2023	[RLlib] Implement Impala Torch in RLModule / Learner stack. (#33271)
069586377a	Avnish Narayan	Thu Mar 23 14:27:01 2023	[RLlib] Make it so that the learner update allows for multiple SGD updates always. (#33471)
df35463453	Antoni Baum	Thu Mar 23 14:06:12 2023	[Train] Empty cache on the correct device (#33603)
c38a3cff23	Jian Xiao	Thu Mar 23 13:14:43 2023	Revert "[Datasets] Revert "Enable streaming executor by default (#324… (#33601)
42bb0357a6	Jun Gong	Thu Mar 23 11:40:14 2023	[AIR] mark 2.7b fine tune example unstable for now (#33639)
96bcfa0b41	matthewdeng	Thu Mar 23 11:01:54 2023	[data] Add tip for validating GCS permissions (#33284)
fa2360ea14	Ricky Xu	Thu Mar 23 10:37:59 2023	[ci][dashboard] Fix unit testing that prevents builds
2c30a6fcf5	Justin Yu	Thu Mar 23 10:03:49 2023	[Doc][Tune][Restore] Split "Tune stopping and resuming" into two user guides (#33495)
dee4e2eeb4	kourosh hakhamaneshi	Thu Mar 23 08:33:09 2023	[RLlib][CI] Tag those RLlib tests that needs to be tiggered upon Ray data changes (#33488)
ffa71cebcc	Cindy Zhang	Thu Mar 23 08:20:12 2023	[serve] Improve single-app and multi-app differentiation (#33490)
8f80020613	Sihan Wang	Thu Mar 23 06:14:23 2023	[Serve]Make http retries tunable (#32532)
334ee6693d	Ricky Xu	Thu Mar 23 05:25:36 2023	[core][dashboard] Add repr_name as part of actor state (#33555)
24996a6802	XiaodongLv	Thu Mar 23 05:07:41 2023	[Ray][Java]Support configuring job id for userlogger file name. (#31634)
34434ff047	Ricky Xu	Thu Mar 23 00:27:57 2023	[core][state]  Task log - Surface task log offsets info into state api [1/4] (#32943)
c424a8372a	Ricky Xu	Thu Mar 23 00:20:21 2023	[core] Task backend - increase worker side GC  limit to 100k (#33563)
29e72de8af	Chao Wang	Wed Mar 22 22:54:20 2023	[Actor] Sort the state of actors to find actors easily (#33395)
9c6d067988	matthewdeng	Wed Mar 22 22:53:53 2023	[docker][ci] Downgrade `xgboost` version (#33532)
59b692d6fe	Alan Guo	Wed Mar 22 22:49:07 2023	Add an exported serve dashboard json (#33409)
806ff6b069	Yunxuan Xiao	Wed Mar 22 20:39:34 2023	[AIR] <Part 3> Add LightningPredictor to support batch prediction (#33196)
fa6953b057	Sihan Wang	Wed Mar 22 18:14:48 2023	[Serve] Add context information into replica metrics & logs (#33365)
888d2705a2	Amog Kamsetty	Wed Mar 22 18:06:24 2023	[Data] [1/n] Async `iter_batches`: Add Threadpool util (#33575)
d6a5dcb3a3	Balaji Veeramani	Wed Mar 22 17:39:03 2023	[Datasets] Add `read_sql` (#33353)
1ed7c5a61e	Antoni Baum	Wed Mar 22 17:19:50 2023	[Train] Implement `AccelerateTrainer` (#33269)
a237e05ac2	SangBin Cho	Wed Mar 22 16:49:29 2023	[Dashboard] Better support per worker gpu usage from the cluster view.  (#33515)
2e6de87ada	Sven Mika	Wed Mar 22 15:14:10 2023	[RLlib] Checkpoints are convertible to msgpack-based checkpoints (to make them python-version-independent). (#32779)
2713311358	Alan Guo	Wed Mar 22 14:36:08 2023	[Dashboard] Add Replicas to Serve Dashboard UI (#33503)
f8f737463e	Amog Kamsetty	Wed Mar 22 14:17:28 2023	[Data] Deprecate `dataset_format` (#33437)
c50ecbc37a	Scott Lee	Wed Mar 22 12:42:41 2023	[Datasets] [Docs] Add section on reading compressed files with Ray Data (#33313)
02c8c95bca	Kai Fricke	Wed Mar 22 12:37:35 2023	[tune] Evict object cache for actor re-use when search ended (#33593)
979b9dbf1a	xwjiang2010	Wed Mar 22 11:31:22 2023	[doc][tune] Add tune checkpoint user guide. (#33145)
7d47206706	Ricky Xu	Wed Mar 22 10:29:49 2023	[core][documention] Fix documentation from state api import
68afa438cf	Eric Liang	Wed Mar 22 09:51:40 2023	[data] Add iterator batch_format=None support, which will yield batches in the current batch format with zero copies (#33562)
fde3e720d1	Max Pumperla	Wed Mar 22 08:59:12 2023	[docs] address build time issues (#33324)
61ae0497aa	kourosh hakhamaneshi	Wed Mar 22 00:28:29 2023	[RLlib][Docs] Restructure Utils API page (#33358)
a5e488f76c	Artur Niederfahrenhorst	Tue Mar 21 17:53:28 2023	[RLlib] Make Alan and Praveen codeowners for build-docker-images.py (#33538)
7527d4983c	SangBin Cho	Tue Mar 21 17:28:23 2023	[Metrics] Add device index to the GPU metrics (#33328)
fd774d505f	SangBin Cho	Tue Mar 21 17:25:18 2023	[Metrics] Hide failed nodes by default. (#33455)
83dc07a28d	Eric Liang	Tue Mar 21 17:02:31 2023	[data] [docs] Improve the streaming_split pydoc (#33424)
636a69984e	Ricky Xu	Tue Mar 21 16:54:49 2023	[core][state] Task log - Refactor task parsing from protobuf to dict into common [3/4] #33474
d3cc5a6238	Jack He (Github)	Tue Mar 21 16:40:26 2023	add unit test and fix format_get_api function (#33501)
202da9e28e	Alan Guo	Tue Mar 21 16:03:49 2023	[Dashboard] Upgrade to swr 2.1.0 (#33509)
74af29a912	kourosh hakhamaneshi	Tue Mar 21 15:34:00 2023	[RLlib][Docs] Restructure RLModule API page (#33363)
c90814e086	Scott Lee	Tue Mar 21 15:32:53 2023	[Datasets] Lazy import `tensorflow-metadata` when reading/writing TFRecords (#33422)
8a38bab011	Antoni Baum	Tue Mar 21 14:41:10 2023	[Release] Add Tune worker fault tolerance test (#33473)
99ddbe41b5	clarng	Tue Mar 21 14:34:41 2023	 [core] add retriable fifo policy (#33514)
2c18614a67	Alan Guo	Tue Mar 21 13:30:50 2023	Fix broken `test_serve_head` test (#33533)
3b3c6c5b1e	xwjiang2010	Tue Mar 21 12:40:23 2023	[air telemetry] add air trainer type (#33277)
e7e845e689	Balaji Veeramani	Tue Mar 21 12:14:38 2023	[Datasets] [Docs] Remove "Datasource Compatibility" from Ray Data landing page (#33386)
5002a89220	Yunxuan Xiao	Tue Mar 21 11:22:09 2023	[Doc][AIR] fix broken doc string (#33528)
b8593302c1	Alex Wu	Tue Mar 21 11:10:00 2023	[autoscaler] Fix `autoscaler.sdk.request_resources({"GPU": 0})` edge case  (#33498)
5f6bd3bdc0	Cindy Zhang	Tue Mar 21 10:58:45 2023	[serve] Allow app rename when redeploying config (#33385)
80f938f857	Goku Mohandas	Tue Mar 21 10:50:30 2023	[docs] Added link to preprocessors in Ray AIR Key Concepts page (#33526)
5f86303847	Kai Fricke	Tue Mar 21 10:04:39 2023	[ci/release] Script: Get test summary (#33500)
8e091d7431	Ricky Xu	Tue Mar 21 10:04:25 2023	[core][ci] Skip some tests for test usage lib for python 3.11 (#33487)
dfe4c5994c	Justin Yu	Tue Mar 21 09:09:10 2023	[Tune] Use `on_experiment_end` hook for the final wait of `SyncCallback` sync processes (#33390)
25ad8f997d	Justin Yu	Tue Mar 21 09:08:30 2023	[Tune] Log the choice of `RunConfig` only when passed into both trainer + tuner (#33454)
636c510b18	kourosh hakhamaneshi	Tue Mar 21 09:06:24 2023	[RLlib][Docs] Restructure Sampler's API page (#33357)
af950037e3	kourosh hakhamaneshi	Tue Mar 21 09:04:12 2023	[RLlib][Docs] Restructure Replay buffer API page (#33359)
aa02993127	Yunxuan Xiao	Mon Mar 20 21:11:33 2023	[AIR] <Part 2> Support metric logging and checkpointing for LightningTrainer (#33183)
e5ca789bb9	kourosh hakhamaneshi	Mon Mar 20 21:01:21 2023	[RLlib][Docs] Restructure Modelv2's API page (#33356)
eeda97cae8	Kai Fricke	Mon Mar 20 18:07:51 2023	[tune] Refactor TrialRunner to separate out executor calls (#33448)
907c4d986c	Cuong Nguyen	Mon Mar 20 17:27:22 2023	[CI] Fix test result not found in client_runner (#33464)
930c2ed929	Alan Guo	Mon Mar 20 17:10:31 2023	[Dashboard] Serve UI (#33238)
5c7995454c	Balaji Veeramani	Mon Mar 20 16:22:34 2023	[Datasets] Revert "Enable streaming executor by default (#32493)" (#33485)
ed594039d6	Cade Daniel	Mon Mar 20 14:43:44 2023	Revert "[core] fifo worker killing policy (#33430)" (#33480)
03bc1cad2f	Jun Gong	Mon Mar 20 14:30:51 2023	[AIR] Add nightly test for alpa opt 30b inference. (#33419)
b4f54fc128	WeichenXu	Mon Mar 20 14:24:49 2023	[spark] Make ray on spark support spark local mode (#33166)
8c64af47ec	Jian Xiao	Mon Mar 20 14:12:39 2023	Enable streaming executor by default (#32493)
f59cbd63e0	Cindy Zhang	Mon Mar 20 13:16:02 2023	[serve] Extend configurable HTTP options (#33160)
9eb6820a38	Kai Fricke	Mon Mar 20 11:43:27 2023	[core] Compare placement group objects by ID (#33329)
c57bfc5c29	Corey Zumar	Mon Mar 20 11:40:27 2023	Remove object store memory from blocked list (#33405)
94ebdf7cb5	Richard Liaw	Mon Mar 20 11:14:42 2023	[lint] Pin flake8-comprehensions (#33466)
652dced354	Avnish Narayan	Mon Mar 20 10:04:23 2023	[Datasets] Fix dataset lint, and potentially missing variables for dataset nightly test (#33461)
52f0ee8934	Cuong Nguyen	Mon Mar 20 09:54:39 2023	[CI] Speed up wheel commit validation check by 100x (#33434)
305dc2aac6	Yunxuan Xiao	Mon Mar 20 09:37:59 2023	[Doc|Train] Add Pytorch ResNet finetuning starter example (#32936)
ed2982f3fb	Justin Yu	Mon Mar 20 09:25:44 2023	[Doc] Workspace template examples (#32802)
fb7e9d6a1c	Ricky Xu	Mon Mar 20 05:23:21 2023	[core][state] Task backend - Profile events capping  (#33321)
c1707e0dd9	Soumitra Kumar	Sun Mar 19 23:44:20 2023	Fix linker argument error in cpp example build file. (#33435)
3240547f9f	Cade Daniel	Sun Mar 19 16:28:46 2023	Fixing lint issue in benchmark_worker_startup (#33440)
6f27610543	Cindy Zhang	Sun Mar 19 13:14:32 2023	Release Performance Regression 2.3.0/2.3.1 #33187
9e81c1404b	Yi Cheng	Sun Mar 19 13:13:39 2023	[nightly] Reduce EBS volume for many nodes tests (#33432)
872896f211	clarng	Sun Mar 19 13:10:59 2023	[core] fifo worker killing policy (#33430)
24ed3e5ce3	Corey Zumar	Sat Mar 18 22:27:53 2023	Fix Ray on Spark node options verification (#33382)
51569e61b6	Sihan Wang	Sat Mar 18 14:52:04 2023	[Serve][Doc] Add Application serve examples.  (#33164)
9c60678159	kourosh hakhamaneshi	Fri Mar 17 16:50:01 2023	[RLlib][Docs] Restructure Policy's API page (#33344)
7e55820d89	augray	Fri Mar 17 16:28:54 2023	Add Sematic as a tool with a Ray integration (#33387)
09301f5e09	Amog Kamsetty	Fri Mar 17 15:55:43 2023	[Data] Ramp up `max_tasks_in_flight` (#33379)
65d613731f	Cindy Zhang	Fri Mar 17 13:02:42 2023	[serve] Prevent mixing single/multi-app config deployment (#33340)
039c6b8582	Cindy Zhang	Fri Mar 17 13:02:17 2023	[serve] Add replica info to metadata rest api (#33292)
362f7e6f88	Cade Daniel	Fri Mar 17 10:48:00 2023	[Core] Python worker startup benchmark (#33281)
091c830c76	Ricky Xu	Fri Mar 17 10:32:19 2023	[CI][runtime-env] fix runtime-env test (#33400)
a9a92fd6cd	Chen Shen	Fri Mar 17 10:31:40 2023	[Core][deps] pin json-schema < 4.18 (#33412)
46bd490b88	Avnish Narayan	Fri Mar 17 08:58:44 2023	[RLlib] Move Learner Hp assignment to validate (#33392)
f697e118b8	Avnish Narayan	Fri Mar 17 08:55:36 2023	[RLlib] Add option for running multiple sgd iters for impala learner api (#33316)
e5b63f062b	Avnish Narayan	Fri Mar 17 08:54:36 2023	[RLlib] Delete duplicate test_vtrace_v2 file (#33315)
41c3b1e8d4	matthewdeng	Fri Mar 17 07:41:08 2023	[ci] Display Core prerelease dependencies (#33408)
03a9d21669	Eric Liang	Thu Mar 16 23:34:10 2023	[data] [streaming] Fix inability to pickle Dataset in the middle of streaming execution (#33406)
76fd2cdffc	SangBin Cho	Thu Mar 16 23:03:17 2023	[Release Test] Remove runtime env usage from release tests (#33288)
14194b0b50	angelinalg	Thu Mar 16 22:52:52 2023	[docs] Reminder to add new methods to the API Ref (#33389)
862a5fbd33	Kai Fricke	Thu Mar 16 19:32:31 2023	[tune] Cleanup path-related properties in experiment classes (#33370)
cf4c802303	Kai Fricke	Thu Mar 16 18:54:35 2023	[ci] Only pin typeguard for Python <=3.7 (#33402)
2ec801516c	Ricky Xu	Thu Mar 16 18:20:00 2023	[core][ci] Fix test_task_events.py  (#33343)
8a9a176a24	Artur Niederfahrenhorst	Thu Mar 16 17:28:08 2023	[RLlib] Remove all default config objects and rllib/agents (#33242)
56512563be	Christy Bergman	Thu Mar 16 16:44:21 2023	[Docs] Final polish batch_tuning and batch_forecasting examples (#31578)
c7e3e0d433	Alan Guo	Thu Mar 16 16:01:25 2023	[Dashboard] Delete old IA (#33308)
97cbd9e4b1	Alan Guo	Thu Mar 16 16:01:06 2023	[Dashboard] Add button to download logs to file (#33337)
327bdfb924	Yi Cheng	Thu Mar 16 15:24:21 2023	[core] Fix the file descriptor leaking when worker or node died in GCS (#33311)
c0e1631c45	Cheng Su	Thu Mar 16 15:14:55 2023	[Datasets] Add sub progress bar support for AllToAllOperator (#33302)
c93e8aecc9	Eric Liang	Thu Mar 16 14:06:00 2023	[data] [streaming] Support iterating over streaming_split() iterators multiple times (#33303)
f1a14306f2	Cindy Zhang	Thu Mar 16 13:57:40 2023	Fix Serve Dashboard Tests (#33373)
49c31e46b4	Shawn Pan	Thu Mar 16 13:44:24 2023	[Dashboard Test] Fixed failing test #33377
8a89914d52	Balaji Veeramani	Thu Mar 16 13:40:08 2023	[Datasets] Change `RandomAccessDataset` stability to alpha (#33383)
666c7bf7ae	kourosh hakhamaneshi	Thu Mar 16 10:41:00 2023	[RLlib][Docs] Restructure Algorithm's API page  (#33345)
a8a1ed0d0b	Kai Fricke	Thu Mar 16 08:56:07 2023	[tune] Update ax-platform dependency to 0.3.1 (#33348)
cd5038c575	Cindy Zhang	Thu Mar 16 08:24:31 2023	[serve] Add multi app support to `serve status` and `serve config` (#33300)
cf23cd6810	Ricky Xu	Thu Mar 16 06:52:42 2023	[core][state] Task backend - Fix actor creation states when failed (#32726)
70dbf419b5	Jun Gong	Thu Mar 16 06:10:46 2023	[Tune] Pin typeguard as the latest version 3.0.1 breaks ax-platform. (#33361)
9656553731	angelinalg	Thu Mar 16 01:49:06 2023	adding colons to terminate sentences introducing code snippets (#33211)
1bb5de0a16	Yi Cheng	Wed Mar 15 21:57:22 2023	[core] Fix demand leak when worker failed (#31175)
31e15320d5	Amog Kamsetty	Wed Mar 15 21:51:21 2023	[Data] Add support for `ignore_missing_paths` (#33126)
93bf2a0e16	Eric Liang	Wed Mar 15 20:08:55 2023	[data] Rename `fully_executed` to `cache` in preparation for streaming by default (#33342)
e32f31cdd0	Jian Xiao	Wed Mar 15 19:49:47 2023	Add data ingest benchmark for streaming executor (#33307)
eec7e069ba	xwjiang2010	Wed Mar 15 18:03:17 2023	[air output] Update wording to "Logical Resource Usage". (#33312)
836cac693d	Linniem	Wed Mar 15 17:39:07 2023	File size converter is not correct with Bytes and PB. (#30508)
f5a49acb48	Cheng Su	Wed Mar 15 17:22:06 2023	[Datasets] Force all operator/stage name to be in PascalCase (#33332)
69c3390dfc	Scott Lee	Wed Mar 15 16:27:49 2023	[Datasets] Add benchmark for many file parquet reads (#33222)
5470671c5e	Antoni Baum	Wed Mar 15 14:37:52 2023	[Release] Change `disabled` frequency to `manual` (#33341)
9a4861742f	Scott Lee	Wed Mar 15 13:59:46 2023	[Datasets] Add optional `tf_schema` parameter to `read_tfrecords` / `write_tfrecords` methods (#32857)
ed960a79c3	Antoni Baum	Wed Mar 15 13:49:11 2023	[CI] Fix lint and linkcheck failures (#33334)
0bbafc3135	Eric Liang	Wed Mar 15 13:22:21 2023	[data] [tdqm] Make bar manager thread-safe (#33335)
b87a803ed5	Balaji Veeramani	Wed Mar 15 11:52:29 2023	[Datasets] Remove "Example: Large-scale ML Ingest" (#33067)
6b16336df6	Max Pumperla	Wed Mar 15 11:10:47 2023	[docs] Sphinx code callouts extension with example usage (#28376)
fcc004a64f	Artur Niederfahrenhorst	Wed Mar 15 11:00:13 2023	[RLlib] Make tf models checkpointable and freezable (#33320)
2269d380da	Artur Niederfahrenhorst	Wed Mar 15 10:33:41 2023	[RLlib] Revert "[RLlib] Fixed a bug where on the new RLModule API we could not rollout on GPU (#33309)" (#33330)
0574620d45	Yunxuan Xiao	Tue Mar 14 21:11:10 2023	[AIR] Add LightningTrainer to support Pytorch Lightning DDP training <Part 1>. (#33161)
e52f47baaf	kourosh hakhamaneshi	Tue Mar 14 20:33:17 2023	[RLlib] Disabling RLModule API for test_policy_map.py. This is testing policy map which is something that will be deprecated in (#33304)
d3c487d2bd	kourosh hakhamaneshi	Tue Mar 14 20:32:51 2023	[RLlib] Fixed the NAN problem in pendulum-ppo. Using RELU activations is the solution. (#33305)
f4b12f8a58	kourosh hakhamaneshi	Tue Mar 14 20:31:42 2023	[RLlib] Fixed a bug where on the new RLModule API we could not rollout on GPU (#33309)
25fac1f719	Chris Sivanich	Tue Mar 14 18:42:31 2023	[Conda][dependency] pin libffi=3.3 for base-deps (#33294)
3067675d1e	Kai Fricke	Tue Mar 14 17:03:20 2023	[tune] Move trainable_kwargs generation to trial.py (#33249)
bce4199862	xwjiang2010	Tue Mar 14 16:56:22 2023	[release] Add artifact support to release test. (#31978)
2f4efcee20	Alex Wu	Tue Mar 14 16:45:00 2023	[autoscaler] Hide accelerator_type resources in ray status (#33296)
b23c49a7aa	Justin Yu	Tue Mar 14 16:29:43 2023	[Tune][wandb] Wait for `WandbLoggerCallback` actors to finish uploading to wandb on experiment end (#33174)
9c0a8b778b	Scott Lee	Tue Mar 14 15:40:45 2023	[Datasets] Pass initial stats of plan to executor (#33113)
f402db05a1	kourosh hakhamaneshi	Tue Mar 14 14:57:01 2023	[RLlib] test agent connectors now is fully compatible with RLModule API (#33301)
836c684133	kourosh hakhamaneshi	Tue Mar 14 14:52:21 2023	[RLlib] RLModule API does not support ONNX model export yet (#33297)
1baaa5797c	Jiajun Yao	Tue Mar 14 14:26:25 2023	[Core] Remove some usage of deprecated runtime context apis (#33236)
c2d5077a4c	Avnish Narayan	Tue Mar 14 14:16:58 2023	[RLlib] Remove deprecated agents directory (#32880)
b4be536a02	Avnish Narayan	Tue Mar 14 14:16:20 2023	[RLlib] Initialize the default view requirements when using the learner group api (#32825)
02e300bea8	Kai Fricke	Tue Mar 14 13:51:00 2023	[ci/release] Do not terminate cluster on keyboard interrupt with --no-terminate (#33209)
c96c6753de	kourosh hakhamaneshi	Tue Mar 14 13:45:23 2023	[RLlib][RLModule] Fix minibatch cyclic iterator bug (#33282)
5a3c01e134	kourosh hakhamaneshi	Tue Mar 14 13:25:28 2023	[RLlib] Fixed the RLModule hiccups in the unittest (#33275)
004cd2b84b	Jun Gong	Tue Mar 14 13:15:56 2023	[AIR] Add a sanity checking release test for Alpa and ray nightly. (#32995)
3e63af5c45	kourosh hakhamaneshi	Tue Mar 14 13:12:51 2023	[RLlib] Disabled the RLModule API in custom_model_loss_and_metrics.py. This example needs to be migrated (#33295)
df2bdb1942	Eric Liang	Tue Mar 14 13:02:13 2023	[hotfix] Remove hard tqdm dep #33298
dc59d19ba2	Eric Liang	Tue Mar 14 12:24:54 2023	[docs] Add tqdm progress bar docs (#33286)
9f5dfbd7d0	Artur Niederfahrenhorst	Tue Mar 14 12:22:47 2023	[RLlib] Remove conversions to config dicts from AlgorithmConfig objects. (#33239)
4abc15f340	Cindy Zhang	Tue Mar 14 12:07:10 2023	[serve] Add support for multi app to `serve build` (#33216)
b010305efe	kourosh hakhamaneshi	Tue Mar 14 11:58:11 2023	[RLlib] Disabled RLModuleAPI in multi_agent_two_trainer.py. This script needs to be migrated (#33291)
2f59ffb8bb	kourosh hakhamaneshi	Tue Mar 14 11:57:38 2023	[RLlib] disabled the RLModule API in trajectory_view_api.py example (#33289)
e5a52e50cb	Cheng Su	Tue Mar 14 11:50:21 2023	[Datasets] Run `_get_read_tasks` with NodeAffinitySchedulingStrategy (#33212)
b7ae8e9cec	Avnish Narayan	Tue Mar 14 10:28:30 2023	[RLlib] Marl_checkpoint (#33195)
85cc669a45	Amog Kamsetty	Tue Mar 14 09:56:15 2023	[Train] Sort `CUDA_VISIBLE_DEVICES` (#33159)
bf738b7e54	Cindy Zhang	Tue Mar 14 09:18:20 2023	[Serve] Add get metadata REST endpoint (#33027)
5f2c9f342e	Larry	Tue Mar 14 02:26:11 2023	[Core][C++ Worker]Add metric API for c++ worker to align the metric API of java and python (#32692)
aa3d95a08c	Ricky Xu	Tue Mar 14 00:40:09 2023	[core][ci] deflake test_exit_observability:: test_worker_start_end_time (#33237)
ff63dc51fe	kourosh hakhamaneshi	Tue Mar 14 00:20:17 2023	[RLlib] Disabled RLModule API in DDPPO since it's not supported yet (#33268)
ed6dafefa6	kourosh hakhamaneshi	Tue Mar 14 00:19:47 2023	[RLlib][RLModule] Disabled the RLModuleAPI in the some export model tests (#33264)
20bd70103c	kourosh hakhamaneshi	Tue Mar 14 00:19:02 2023	[RLlib][RLModule] Implemented the logp logic in the policy (#33252)
7adb2ac35a	Jiajun Yao	Mon Mar 13 21:46:15 2023	Remove dead SchedulingResources class (#33250)
a32d5fa86b	SangBin Cho	Mon Mar 13 19:08:55 2023	 [Metrics] Fix the incorrect object store size from dashboard vs metrics
e291a35731	Scott Lee	Mon Mar 13 19:08:02 2023	[Datasets] Fix failing Documentation tests related to updated `ExecutionPlan.__repr__` (#33267)
a3b89f679b	Cheng Su	Mon Mar 13 19:07:31 2023	[Datasets] Refactor iter_rows() for DatasetIterator classes (#33257)
85faae349a	Eric Liang	Mon Mar 13 17:39:56 2023	[data] [distributed tqdm] Avoid corrupting tqdm output when log monitor prints worker logs (#33261)
b8d6d00ca8	xwjiang2010	Mon Mar 13 16:17:07 2023	[train] Use the actual task name being executed for _RayTrainWorker__execute. (#33065)
eb78e6bc1f	kourosh hakhamaneshi	Mon Mar 13 15:59:29 2023	[RLlib] Disabled Random Encoder test with RLModuleAPI enabled. RandomEncoder is overfitted to ModelV2 stack and needs to be migrated onto the new stack on a separate PR (#33262)
2aacb5cc5e	Artur Niederfahrenhorst	Mon Mar 13 14:30:53 2023	[RLlib] Make coingame a tests again (#33156)
c484975bc7	Ricky Xu	Mon Mar 13 14:22:40 2023	release lock before sleeping (#33221)
38a35210c2	kourosh hakhamaneshi	Mon Mar 13 13:00:41 2023	[RLlib] Deprecate explore=False in favor of RLModule API. (#33258)
4f5890fd4d	Eric Liang	Mon Mar 13 12:31:42 2023	[data] Add TQDM implementation ray.experimental.tqdm_ray; use for Data progress bars (#33122)
e05443ed73	Cheng Su	Mon Mar 13 12:24:47 2023	[Datasets] Make telemetry record usage by default (#33168)
746116e58d	Balaji Veeramani	Mon Mar 13 12:17:55 2023	[Datasets] Remove "ML Preprocessing" user guide (#32965)
b96db74a5f	kourosh hakhamaneshi	Mon Mar 13 11:17:52 2023	[RLlib][RLModule] Disabled RLModule API in test_model_imports.py (#33247)
9e2ee41c4d	Cindy Zhang	Mon Mar 13 10:46:50 2023	[serve] Fix traceback string for RayTaskErrors when deploying serve app (#33120)
4e0338e3fa	Jun Gong	Mon Mar 13 10:10:10 2023	[Doc] Improve GPT-J inference example. (#33201)
fd75300039	Siraj Qazi	Mon Mar 13 00:57:06 2023	[doc] more typo fixes (#31968)
e6175fba32	kourosh hakhamaneshi	Sun Mar 12 11:41:44 2023	[RLlib] Fixed test_rllib_train_and_evaluate multi_agent issues (#33235)
6f0560606c	kourosh hakhamaneshi	Sun Mar 12 11:40:58 2023	[RLlib] RLModule, Fix env runner v2 test multi agent issues  (#33234)
ea4b9e10d7	kourosh hakhamaneshi	Sat Mar 11 18:21:54 2023	[RLlib] RLModule fix test ppo exploration setup (#33228)
c8775f3bb0	Dayeol	Sat Mar 11 18:07:01 2023	ray.util.tracing.tracing_helper is using deprecated functions (#33173)
fd371ea4ee	Scott Cheng	Sat Mar 11 17:45:32 2023	update docs for BayesOptSearch docs (#32166)
e854c34ae0	kourosh hakhamaneshi	Sat Mar 11 10:13:35 2023	[RLlib] Fix Custom Multi Agent example with learner API (#33225)
700783bf88	Balaji Veeramani	Fri Mar 10 18:26:53 2023	[Docs] [Datasets] Make Datasets example gallery consistent with sidebar (#33215)
2190c7200e	Ricky Xu	Fri Mar 10 17:37:34 2023	[core][agent] Suppress deprecation warning from aio grpc of asyncio.get_event_loop (#32977)
34c501dbc9	Jian Xiao	Fri Mar 10 17:37:10 2023	Fix CI test failure (#33213)
ad784545db	Amog Kamsetty	Fri Mar 10 17:26:53 2023	[Data] Add `iter_rows` to `DatasetIterator` (#33180)
ac666617d8	kourosh hakhamaneshi	Fri Mar 10 16:49:10 2023	[RLlib] Enable RLModule / Learner API for self play example (#33068)
c3204af54c	Archit Kulkarni	Fri Mar 10 16:48:25 2023	[runtime env] Add environment variable to skip parsing `.gitignore` file into `"excludes"` (#33149)
f20d484f8c	Balaji Veeramani	Fri Mar 10 15:44:55 2023	[Datasets] Revise "Key Concepts" page (#33066)
006f72c97f	Balaji Veeramani	Fri Mar 10 15:42:11 2023	[Datasets][Docs] Add Dataset.streaming_split to Datasets API
ac7a831827	Balaji Veeramani	Fri Mar 10 15:41:37 2023	[Datasets][Docs] Fix invalid syntax in `streaming_split` docstring (#33217)
23bad6bd05	Alan Guo	Fri Mar 10 14:25:40 2023	[Doc] Update copy for metrics documentation (#32614)
e1b7b4fb8a	Cindy Zhang	Fri Mar 10 14:24:16 2023	[serve] Add multi-app support to `serve deploy` (#33013)
94eb7e5f1d	Jun Gong	Fri Mar 10 13:36:08 2023	[RLlib] make sure dummy batch size does not exceed the specified train batch size (#33112)
cbeccf94c9	Avnish Narayan	Fri Mar 10 13:16:21 2023	[ RLlib]Add checkpointing for rl modules (#33147)
6c04e0c160	Antoni Baum	Fri Mar 10 12:54:58 2023	[AIR/Docs] GPT-J fine tuning with DeepSpeed example (#33090)
4fe2f689af	Jian Xiao	Fri Mar 10 12:49:57 2023	Make the object gc test more derministic (#33206)
1f14d6fe35	Jun Gong	Fri Mar 10 12:48:03 2023	[Doc] install grpcio from conda-forge repo (#33139)
84d0998cb2	Kai Fricke	Fri Mar 10 11:27:47 2023	[air] Add dreambooth example + release test (#33025)
a081825506	Justin Yu	Fri Mar 10 11:24:14 2023	[build_base] [Docker] Fix protobuf version to be 3.19.6 on `ray-ml` docker image (#33181)
dd41126088	Ricky Xu	Fri Mar 10 10:54:58 2023	[core][state] Adding task failure type to state API  [1/2]  (#32834)
694a74aced	Jian Xiao	Fri Mar 10 10:51:50 2023	Add prefetch stats (#33175)
e1c61e0d10	Eric Liang	Fri Mar 10 10:48:17 2023	[data] [streaming] Add streaming_split() API (#32991)
5c564aaf7c	Artur Niederfahrenhorst	Fri Mar 10 10:43:29 2023	[RLlib] Fix example never returning (#33140)
548ee7f2a0	Balaji Veeramani	Fri Mar 10 10:23:06 2023	[Datasets] [Docs] Fix description of read_parquet (#33185)
2fb820fbb0	Scott Lee	Fri Mar 10 09:34:16 2023	[Datasets] Update `ExecutionPlan` repr formatting to use consistent spacing (#33125)
9cf7ae6206	angelinalg	Fri Mar 10 02:04:03 2023	Fix link to the new gptj_serving doc (#33194)
4772a7d6af	angelinalg	Thu Mar 9 19:29:29 2023	[docs] fix typo (#33186)
3fb8de9650	Philipp Moritz	Thu Mar 9 19:26:03 2023	Fix macOS build (#33190)
f2ae0cb380	Eric Liang	Thu Mar 9 16:04:23 2023	[docs] Promote dynamic returns from experimental #33182
c86c21a2c7	Cade Daniel	Thu Mar 9 15:02:30 2023	2.3.0 performance release logs (#33178)
634d39199b	Cindy Zhang	Thu Mar 9 14:51:30 2023	[Serve] Serve Schema improvements (#32787)
a58532c013	Scott Lee	Thu Mar 9 14:30:46 2023	[Datasets] Re-enable failing DatasetLogger warning tests (#33155)
753ce3351d	Artur Niederfahrenhorst	Thu Mar 9 14:20:35 2023	[RLlib] Test if we can modify Catalog and handle Specs defaults in AlgorithmConfig (#33128)
73685dec83	Kai Fricke	Thu Mar 9 13:48:47 2023	[requirements] Adjust ML requirements to work with Mac ARM (M1/M2) (#33169)
99ff6789ed	Cheng Su	Thu Mar 9 13:45:52 2023	[Datasets] Remove the assertion for ds.stats() in test_dataset_image.py (#33171)
a2332f8ead	Cheng Su	Thu Mar 9 13:45:02 2023	[Datasets] Remove the class `Write(AbstractUDFMap)` (#33170)
d2480a6f11	Clark Zinzow	Thu Mar 9 13:44:30 2023	[Datasets] Improve performance of DefaultFileMetaProvider. (#33117)
fb28de860b	Artur Niederfahrenhorst	Thu Mar 9 13:18:13 2023	[RLlib] fix printing self.eager_tracing (#33138)
058af4b743	Artur Niederfahrenhorst	Thu Mar 9 13:09:18 2023	[RLlib] Remove checking config[no_local_replay_buffer] (#33137)
38fc60e766	Antoni Baum	Thu Mar 9 09:28:02 2023	[build_base] Remove `BUILD` files and `tests` modules from wheels (#32917)
7bb5d648b0	clarng	Thu Mar 9 06:53:35 2023	[core][benchmark] re-revert 32728:  minor clean up - simplify results reporter for benchmark tests (#32915)
a0afff9e2b	Ricky Xu	Thu Mar 9 06:52:47 2023	Revert "Optimize submit Ray task with many positional arguments" (#33158)
63ab82b448	Antoni Baum	Wed Mar 8 17:04:06 2023	[AIR/Docs] GPT-J Serving Example (#33114)
72192a6359	Jeroen Bédorf	Wed Mar 8 16:36:46 2023	[Tune] Fix "ValueError: I/O operation on closed file" (#31269)
8c3b4a329c	Balaji Veeramani	Wed Mar 8 15:39:43 2023	[AIR] Add object detection example (#31553)
d742a03ace	Cheng Su	Wed Mar 8 15:27:20 2023	[Datasets] Add logical and physical operator for zip() (#33014)
fd74302590	Jiajun Yao	Wed Mar 8 14:22:11 2023	[Core] Remove asyncio.ensure_future call in run_async_func_in_event_loop(#32932)
b38b45fb3d	Archit Kulkarni	Wed Mar 8 13:56:51 2023	[Doc] [Serve] Add workaround to Serve docs for broken dependency (#33136)
ac2230fd28	Sven Mika	Wed Mar 8 13:10:19 2023	[RLlib] Forum 9306: No env on local worker (IMPALA). (#32359)
acd5296f78	Cade Daniel	Wed Mar 8 13:07:18 2023	[Core] Make multiprocessing pool raise TypeError when provided a non-iterable in imap or imap_unordered #31799
81029ec2d5	angelinalg	Wed Mar 8 12:41:00 2023	[Docs] Fix link errors (#33086)
860cdbbb2d	Amog Kamsetty	Wed Mar 8 12:14:57 2023	[Data] [Hotfix] Copy source DataFrame during tensor extension casting of from_pandas (#33132)
38a58af935	Zhi Lin	Wed Mar 8 11:28:19 2023	[Datasets] add install-java to streaming executor dataset tests (#33124)
4bb34b8191	Jian Xiao	Wed Mar 8 11:27:11 2023	[Datasets] Fix test_dataset_map.py (#33108)
541c5f5a63	Yiqing Wang	Wed Mar 8 11:19:22 2023	[Doc] [K8s] make ray head headless (#33030)
a0529c41fc	WeichenXu	Wed Mar 8 08:10:45 2023	[spark] Improve ray on spark options conversion (#33099)
31dbb16e2e	Artur Niederfahrenhorst	Wed Mar 8 07:45:10 2023	[RLLib] Test with CNNs in RLModule tests. (#32650)
35ffe75f6a	Sven Mika	Wed Mar 8 05:26:05 2023	[RLlib] Issue 32267: `__common__` key should be allowed in multi-agent infos dict (for infos concerning all/no agents). (#32362)
f95d79ea72	Artur Niederfahrenhorst	Wed Mar 8 05:15:40 2023	[RLlib] Move `input_dims` and `output_dims`, plus minor cleanups. (#33051)
902cb7ec2b	Kai Fricke	Tue Mar 7 20:45:11 2023	[tune] Raise warning (not an exception) if metadata file not found in checkpoint (#33123)
2e54afa8e1	Eric Liang	Tue Mar 7 18:24:55 2023	[data] [streaming] Prerequisite refactoring for supporting streaming split operation (#33082)
28d4eda64d	kourosh hakhamaneshi	Tue Mar 7 16:44:43 2023	[RLlib] RLModule -- remove from_model_config (#33102)
c4d9027cde	Brian Westphal	Tue Mar 7 16:39:22 2023	[Docs] [Serve] remove unused json resolver (#33104)
c37e05e34a	Cheng Su	Tue Mar 7 16:34:43 2023	[Datasets] Add telemetry for Ray Data (#32896)
2703c56e11	Scott Lee	Tue Mar 7 14:36:24 2023	[Datasets] Truncate lines from `Dataset.__repr__` involving long column names (#32722)
c86965000a	Cheng Su	Tue Mar 7 13:59:25 2023	[Datasets] Fix the get_name() for ParquetDatasource (#33105)
31a991f21b	Kai Fricke	Tue Mar 7 13:52:48 2023	[tune] Prefix global object registry with job ID to avoid conflicts in multi tenancy (#33095)
6c20bc6af1	Antoni Baum	Tue Mar 7 13:40:58 2023	[Train] Fix HF Trainer with `DatasetIterator`, handle `device_map` (#32955)
f7aa4f6634	Antoni Baum	Tue Mar 7 12:17:41 2023	[Train] (Bandaid) Mitigate OOMs on checkpointing (#33089)
1ba4729426	Eric Liang	Tue Mar 7 11:41:42 2023	[attempt 2] Eager import pandas in ray data for python >= 3.7 (#33103)
e0fda4a968	Amog Kamsetty	Tue Mar 7 11:25:45 2023	[AIR] Bump start timeout for Horovod Release Tests (#33083)
c0f6068730	Kai Fricke	Tue Mar 7 11:13:57 2023	[tune] Use generic _ObjectCache for actor reuse (#33045)
340f7b22e6	Cheng Su	Tue Mar 7 10:44:31 2023	[Datasets] Split test_dataset.py completely into test_dataset_{consumption,map,all_to_all}.py (#33101)
09a53b50ce	Balaji Veeramani	Tue Mar 7 10:30:00 2023	[AIR] Label `Checkpoint.from_checkpoint` as developer API (#33094)
57a909db26	Balaji Veeramani	Tue Mar 7 10:29:15 2023	[CI] Bump `mosaicml` version from 0.10 to 0.12 (#33080)
2376b4c97e	Artur Niederfahrenhorst	Tue Mar 7 10:26:36 2023	[RLlib] Don't import jax in long runnign release tests (#33069)
bf0d0d384f	Antoni Baum	Tue Mar 7 09:47:26 2023	[AIR] Allow None in `set_preprocessor` (#33088)
65082bd749	Cindy Zhang	Tue Mar 7 09:29:54 2023	[docs] Update ray 2.2 and 2.3 dask versions (#33076)
514bb3abef	Sihan Wang	Tue Mar 7 08:46:32 2023	[Serve] Fix the max_concurrent_queries issue (#33022)
c0aa534982	Jiajun Yao	Tue Mar 7 08:30:22 2023	[Core] Remove dead code related to multiple workers in one process (#33074)
18fd043c97	Cheng Su	Mon Mar 6 22:58:51 2023	[Datasets] Disable two failed tests in test_dataset.py (#33093)
c01e47af1f	Jian Xiao	Mon Mar 6 22:58:36 2023	[Datasets] Fix test_dynamic_block_split.py (#33096)
d2b855f9f4	matthewdeng	Mon Mar 6 18:40:47 2023	[train] Update quickstart example to use dataloader  (#33050)
552bbcf745	Amog Kamsetty	Mon Mar 6 18:40:20 2023	[Data] Fix Ragged Tensor Documentation (#33029)
5fe6359200	Justin Yu	Mon Mar 6 16:11:19 2023	[air] Fix test_tracked_actor (#33075)
57af2910be	Artur Niederfahrenhorst	Mon Mar 6 10:34:32 2023	[RLlib] Export RLLIB_TEST_NO_JAX_IMPORT=1 (#33023)
a50d30ff19	Artur Niederfahrenhorst	Mon Mar 6 06:55:05 2023	[RLlib] Introduces Discrete/Gaussian/Deterministic action spaces to Catalog + tests (#32906)
9c0ba34447	Antoni Baum	Sun Mar 5 21:06:38 2023	[AIR] Don't make lock files when moving dirs (#32924)
76210d60e3	Jiajun Yao	Sun Mar 5 20:31:26 2023	[Test] Migrate chaos_dataset_shuffle_random_shuffle_1tb and chaos_dataset_shuffle_push_based_random_shuffle_1tb tests to v2 stack (#32838)
303ac3b9b3	Jian Xiao	Sat Mar 4 23:03:27 2023	[Datasets] Streaming executor fixes #5 (#32951)
5ab758b0b6	Max Pumperla	Sat Mar 4 22:07:08 2023	[docs] remove tags from use cases (#32939)
0354b5af73	Artur Niederfahrenhorst	Sat Mar 4 09:26:31 2023	[RLlib] Move to action distribution creation in RLMs to "Distribution.from_logits()" (#32937)
707b6ac8d4	Amog Kamsetty	Fri Mar 3 16:27:31 2023	[Data] Fix quickstart by using S3 (#33016)
61582be3d1	Amog Kamsetty	Fri Mar 3 13:31:45 2023	[Train] Deflake `test_gpu` by sorting the devices (#33002)
39ae7b619a	Scott Lee	Fri Mar 3 12:44:03 2023	[Datasets] Improved naming of Ray Data `map` tasks (#32585)
ca41f441cb	David Xia	Fri Mar 3 10:39:48 2023	feat: use `jupyterlab` instead of `jupyter` PyPI package (#32734)
80384c3e30	Cindy Zhang	Fri Mar 3 10:24:07 2023	Revert "[serve] Replace Ray Client with Ray Job Submission for `serve… (#32976)
98cee18890	Julian	Fri Mar 3 09:37:06 2023	[air][tune] Aim logger (#32041)
8631b57b88	WeichenXu	Fri Mar 3 08:46:02 2023	[spark][bugfix] Fix Ray on Spark running on layered virtualenv python environment (#32996)
d5d6f832ca	Justin Yu	Thu Mar 2 19:28:19 2023	[AIR] Use a configurable ray temp directory for the `TempFileLock` util (#32862)
63b283a68c	Eric Liang	Thu Mar 2 17:21:08 2023	[data] Refactor DatasetIterator class for cleaner delegation (#32928)
48c0e7c7b8	Balaji Veeramani	Thu Mar 2 16:00:23 2023	[AIR] Add computer vision guide (#32885)
cb70427f7d	Peyton Murray	Thu Mar 2 14:16:08 2023	Guard against using ipywidgets in google colab (#32841)
fdf986615a	Cindy Zhang	Thu Mar 2 13:42:06 2023	[Serve] Expose FastAPI docs path (#32863)
4d0ce8d383	Jiajun Yao	Thu Mar 2 12:23:56 2023	[Core] Write ray address even if ray node is started with --block (#32961)
bfba96c64e	Amog Kamsetty	Thu Mar 2 10:54:16 2023	[Train] Fix failing `test_torch_trainer` (#32963)
ff66e0ef1b	Antoni Baum	Wed Mar 1 20:53:32 2023	[AIR/Docs] Large model inference examples (#32874)
787865bbea	Liu Bao	Wed Mar 1 18:22:46 2023	Optimize submit Ray task with many positional arguments (#32478)
35153ff6f4	Balaji Veeramani	Wed Mar 1 16:04:49 2023	[Datasets] Fix typos in collate_fn error message (#32949)
69dede8af2	Cindy Zhang	Wed Mar 1 15:23:19 2023	[Serve] Add Multi-App REST API (#32642)
ae665a3c7d	Amog Kamsetty	Wed Mar 1 15:16:24 2023	[Train] Support returning multiple devices in `train.torch.get_device()` (#32893)
28753577f7	Jian Xiao	Wed Mar 1 13:55:57 2023	Streaming executor fixes #4 (#32882)
0c02ae8b8e	Sihan Wang	Wed Mar 1 12:17:16 2023	[Serve] Add http request latency (#32839)
1bfbc46dcf	Yi Cheng	Wed Mar 1 10:58:18 2023	[core]Turn on light weight resource broadcasting. (#32625)
a892241ca7	kourosh hakhamaneshi	Tue Feb 28 23:14:57 2023	[RLlib] Fix test_repro_ppo learner when learner API is enabled (#32832)
6af965306e	angelinalg	Tue Feb 28 22:42:04 2023	combine workloads and use cases pages (#32748)
5a7efdb5e1	Alex Wu	Tue Feb 28 19:47:45 2023	[4/n] Stabilize GCS/Autoscaler interface: Expose placement group demands (#32867)
359cd04859	Qing Wang	Tue Feb 28 18:54:04 2023	Update xlang doc (#32844)
8864c0333b	Eric Liang	Tue Feb 28 17:43:21 2023	[data] [streaming] Streaming split support--- [1/2] Add streaming split op (#32675)
371b33062d	Jian Xiao	Tue Feb 28 17:26:38 2023	Deflake test_dataset.py: split tensor tests (#32540)
160f0e2d21	kourosh hakhamaneshi	Tue Feb 28 17:08:14 2023	[RLlib; CI] Pinned git dependency for minigrid since the pypi wheel is broken (#32902)
9d55f3b35a	Jiajun Yao	Tue Feb 28 16:45:00 2023	[Release Test] Remove release test legacy test_name and test_suite (#32892)
dc68ec95ea	Amog Kamsetty	Tue Feb 28 15:20:40 2023	Revert "Revert "[AIR/Data] Make `BatchPredictor` lazy"" (#32796)
18f62db8a2	Amog Kamsetty	Tue Feb 28 13:49:51 2023	[Data] Warn when provided parallelism is much larger than available CPUs (#32866)
8adc87043a	Jiajun Yao	Tue Feb 28 13:21:07 2023	Deflake actor_checkpointing.py (#32829)
a777a028b8	Scott Graham	Tue Feb 28 11:21:09 2023	[azure][autoscaler] Fix Azure autoscaler node naming and deletion delays (#31645)
192a261242	Amog Kamsetty	Tue Feb 28 10:59:42 2023	[AIR/Data] Make `Preprocessor.transform` lazy by default (#32872)
16b2963f11	David Xia	Tue Feb 28 08:21:27 2023	fix docs: update broken links and edit for conciseness (#32733)
9d4d7f5312	kourosh hakhamaneshi	Tue Feb 28 07:34:21 2023	[RLlib] Fix algorithm resource bundles (#32868)
f7435e1708	Yi Cheng	Tue Feb 28 00:00:03 2023	[core] Upgrade gtest to 1.13 (#32858)
a6855b9406	Fangrui Song	Mon Feb 27 22:24:21 2023	Remove use of ATOMIC_VAR_INIT (#32828)
c63e429a90	Amog Kamsetty	Mon Feb 27 21:49:26 2023	[CI] Don't run Docker CI on every PR (#32886)
41eec15afd	Balaji Veeramani	Mon Feb 27 21:03:50 2023	[AIR][Docs] Add `BatchPredictor.from_checkpoint` to docs (#32877)
a1a7f0c8be	Yi Cheng	Mon Feb 27 20:06:28 2023	[core] Fix the null function issues in ObjectManager (#32861)
08d89995d7	Balaji Veeramani	Mon Feb 27 19:57:14 2023	[AIR] Add attributes to Result docstring (#32871)
b5438c08fe	angelinalg	Mon Feb 27 19:40:54 2023	Improve SEO with title change (#32791)
45f3463d1d	angelinalg	Mon Feb 27 17:25:35 2023	Improve title for SEO (#32790)
5472e59b58	Cheng Su	Mon Feb 27 17:18:15 2023	[Datasets] Require preserving order if plan has Zip or Sort stage (#32860)
c7cea683b4	Amog Kamsetty	Mon Feb 27 16:58:51 2023	[Data] Allow generator UDFs for `map_batches` and `flat_map` (#32767)
66997963c7	Yi Cheng	Mon Feb 27 16:50:50 2023	Revert "[core][benchmark] minor clean up - simplify results reporter for benchmark tests (#32728)" (#32883)
2693387bd8	Amog Kamsetty	Mon Feb 27 14:20:28 2023	[CI/Docker] Upgrade `xgboost-ray` dependency to latest (#32513)
9acf583224	Jun Gong	Mon Feb 27 11:55:56 2023	[RLlib] clean up fault tolerance related configs (#32653)
8979292935	clarng	Mon Feb 27 11:48:10 2023	[core] additional telemetry for worker pool (#32686)
dc8c368f61	Sijie Wang	Mon Feb 27 11:10:16 2023	Update Get Started link; add Anyscale logo to the button. (#32830)
862427326b	Artur Niederfahrenhorst	Mon Feb 27 10:19:13 2023	[RLlib] Introduce Catalog skeleton for RLModules (#32069)
3a0722193c	Archit Kulkarni	Mon Feb 27 10:07:54 2023	[Cluster Launcher] Add release test for minimal aws config from docs (#32670)
2edcbe1368	angelinalg	Mon Feb 27 10:06:35 2023	add link to user guide for Batch Predictor (#32672)
c5fcd8600b	Archit Kulkarni	Mon Feb 27 09:57:07 2023	[runtime env] Improve runtime env logs and remove doc for `SKIP_LOCAL_GC` (#32663)
7e138aaf00	Yiqing Wang	Mon Feb 27 09:49:27 2023	[K8s] [Doc] remove ports limitations (#32831)
4cc3a537c0	Jian Xiao	Mon Feb 27 09:33:47 2023	[Datasets] Streaming executor fixes #3 (#32836)
3652f3e370	clarng	Mon Feb 27 06:13:30 2023	[core][benchmark] minor clean up - simplify results reporter for benchmark tests (#32728)
8e4f2cc8b6	Cade Daniel	Sun Feb 26 13:41:05 2023	[release] Adding various missing wheels to download_wheels. (#32833)
cdd6d8af7f	Peyton Murray	Sat Feb 25 04:37:26 2023	Fixed dashboard test due to bad dict.pop call (#32559)
2e83d1b353	Yi Cheng	Fri Feb 24 18:55:07 2023	[core] Update OpenCensus (#32553)
e888c7c6e1	Eric Liang	Fri Feb 24 18:33:18 2023	[data] [streaming] Fix deque race condition and increase max tasks in flight per actor (#32800)
92ef37d815	Jiajun Yao	Fri Feb 24 17:25:53 2023	Remove usage_lib.LibUsageRecorder (#32806)
9749fac985	Yunxuan Xiao	Fri Feb 24 16:30:45 2023	[Doc] Add Configuring Batch Predictor section in Predictors User Guides (#32436)
d90eab48b9	Yunxuan Xiao	Fri Feb 24 16:27:11 2023	[Doc|AIR] Add Pytorch ResNet batch prediction example (#32470)
c23c0db8b9	Sihan Wang	Fri Feb 24 15:06:27 2023	[Serve] Add hash function of RunningReplicaInfo (#32772)
7fa6a0f1d2	Jian Xiao	Fri Feb 24 13:11:12 2023	[Datasets] Make Write op extend AbstractMap operator (#32538)
b3b8ba8835	Clark Zinzow	Fri Feb 24 13:10:25 2023	[Datasets] Fix `from_items` parallelism to create the expected number of blocks. (#32821)
ceafef8347	Yi Cheng	Fri Feb 24 13:03:54 2023	[core] Fix the race condition in the new resource broadcasting. (#32798)
e3f875c3d4	Clark Zinzow	Fri Feb 24 11:43:41 2023	[Datasets] Support different number of blocks/rows per block in zip(). (#32795)
2fb1bcca79	Artur Niederfahrenhorst	Fri Feb 24 10:24:03 2023	[RLlib] ActorManager: Don't call `ray.init()` when `num_workers=0`. (#32820)
2cefc87bb5	simonsays1980	Fri Feb 24 10:22:17 2023	[RLlib] Improve 'MemoryTracingCallbacks': Better comparability of metrics and reduce noise in memory allocations. (#31859)
aa274974df	Avnish Narayan	Fri Feb 24 10:19:37 2023	[RLlib] IMPALA trainer tf (#32713)
90bedc3afd	kourosh hakhamaneshi	Fri Feb 24 10:18:25 2023	[RLlib] Fixed telemetry RLlib bug (some algos would show as "custom"). (#32799)
99f50beae0	Cindy Zhang	Fri Feb 24 08:58:26 2023	[Serve] Delete apps not listed in config (#32665)
92ed2e0647	Dmitri Gekhtman	Thu Feb 23 23:33:41 2023	Fix or re-revert https://github.com/ray-project/ray/pull/32690 (#32807)
a0c21ddb20	Yi Cheng	Thu Feb 23 18:28:16 2023	[ci] Install the dependence first in CI images (#32797)
3b6ec9eb66	angelinalg	Thu Feb 23 17:31:07 2023	Improve title for SEO (#32792)
3778c8a8ef	Ameer Haj Ali	Thu Feb 23 15:49:05 2023	[Release] Unpin anyscale version in the OSS release tests (#32784)
b081dd2883	Clark Zinzow	Thu Feb 23 15:06:29 2023	[Datasets] [Operator Fusion - 2/N] Data layer performance/bug fixes and tweaks. (#32744)
9f2145b73b	Archit Kulkarni	Thu Feb 23 14:58:13 2023	[Jobs] Add end to end tests for multiple drivers in a Ray Job (#32485)
356b9cd6b1	Alan Guo	Thu Feb 23 14:52:53 2023	Fix disk metric showing double the actual value (#32674)
bfdb95bdc9	Yi Cheng	Thu Feb 23 13:35:21 2023	[build_base] Change ordering of installing dependence and build  (#32780)
1e7d2da0ac	Justin Yu	Thu Feb 23 12:10:35 2023	[Tune] Sync trial artifacts to cloud (#32334)
291ac8c3f5	Dmitri Gekhtman	Thu Feb 23 10:55:52 2023	[autoscaler][CLI logger] Stop overriding non-default record factories. (#32678)
e41c2a3c8a	Dmitri Gekhtman	Thu Feb 23 10:53:31 2023	[core] Allow worker Python interpeters to inherit -S and -s flags (#32690)
04daad2ef8	Max Pumperla	Thu Feb 23 08:55:24 2023	[docs] bugfix: make secondary nav items clickable again (#32695)
8eae0771bb	angelinalg	Wed Feb 22 22:39:15 2023	[AIR] Rewording in analyze_tuning_results.ipynb (#32671)
95b00ec557	Ricky Xu	Wed Feb 22 21:32:34 2023	[core][state] Task backend - disable verbose print.  (#32764)
4c6d75b779	Jian Xiao	Wed Feb 22 20:28:19 2023	[data] Streaming executor fixes #2 (#32759)
544f299046	Jack He (Github)	Wed Feb 22 17:11:07 2023	Prepend task id if it exists to "ray task list --detail" (#32353)
d2b7187869	Cindy Zhang	Wed Feb 22 16:08:58 2023	[Serve] Fix serve.shutdown() to delete deployments from all applications (#32631)
64c8f43451	Yi Cheng	Wed Feb 22 15:52:04 2023	[core]Update boost in ray deps (#32550)
11a61ab0aa	xwjiang2010	Wed Feb 22 15:37:37 2023	[release][train] Add `FileLock` to `tensorflow_mnist_example`. (#32712)
4e08fcef98	Shomil Jain	Wed Feb 22 14:24:14 2023	[Release] Fix horovod release test tags (#32743)
25ab956ba4	Archit Kulkarni	Wed Feb 22 12:56:30 2023	[Autoscaler] Bump ebs volume size in default configs (#32708)
e2471169ef	Eric Liang	Wed Feb 22 11:37:09 2023	[data] [streaming] Limit operator memory by downstream usage only (#32673)
584c4ca068	Jian Xiao	Wed Feb 22 10:28:57 2023	[Datasets] Split an AbstractUDFMap out of AbstractMap (#32573)
6ff6cac39b	kourosh hakhamaneshi	Wed Feb 22 09:19:04 2023	[Rllib] Enable tf eager tracing on the training side (#32724)
dde3d52292	Artur Niederfahrenhorst	Wed Feb 22 07:40:38 2023	[RLlib] CNN Models for RLModules (#32515)
f20f265948	Alex Wu	Tue Feb 21 23:52:38 2023	[3/n] Stabilize GCS/Autoscaler interface: Expose task/actor resource demands and node resource usage (#32561)
ff4b802c73	Ian Rodney	Tue Feb 21 22:37:14 2023	[Release Tests] Properly use `ttl-hours` tag (#32727)
7592e5a02e	Jian Xiao	Tue Feb 21 21:00:59 2023	[CI] Add streaming executor CI (#32643)
875a555bd2	Jian Xiao	Tue Feb 21 21:00:27 2023	Streaming executor fixes (#32658)
e0af1fbf8d	Larry	Tue Feb 21 19:30:11 2023	[Core][C++ Worker]Optimize the log printing and code of the LD_LIBRARY_PATH environment variable (#32682)
a4ff83e0d2	Amog Kamsetty	Tue Feb 21 18:04:11 2023	Revert "[AIR/Data] Make `BatchPredictor` lazy (#32510)" (#32710)
ed1f1e2f17	Matthew Tang	Tue Feb 21 15:40:41 2023	[Data] Fix legacy do_write (#32661)
2f72aeb27e	Jiajun Yao	Tue Feb 21 15:28:13 2023	Clarify that object_spilling_config only needs to be specified on the head node (#32702)
482dc52899	Antoni Baum	Tue Feb 21 13:19:43 2023	[Release] no-terminate workaround for anyscale job (#32705)
87cd664a7b	Jiajun Yao	Tue Feb 21 13:07:23 2023	[Doc] Improve docstring of ray.remote parameters (#32701)
1dd57de183	Richard Liaw	Tue Feb 21 12:54:56 2023	[docs] Improve warning around Ray Debugger (#32703)
d46215704f	Scott Lee	Tue Feb 21 11:57:05 2023	[Datasets] Add `read_tfrecords` comment about reading compressed files (#32544)
e6b48d7ebc	Archit Kulkarni	Tue Feb 21 11:52:07 2023	[runtime_env] Print correct default  for expiration_s environment variable (#32230)
710431001a	Archit Kulkarni	Tue Feb 21 11:49:18 2023	[Jobs] Add integration test for JobInfo GCS endpoint (#32186)
3e21e81b40	Archit Kulkarni	Tue Feb 21 11:45:44 2023	[Doc] [runtime env] Add runtime env architecture doc (#32502)
9b6ee3a7da	Archit Kulkarni	Tue Feb 21 11:44:30 2023	[Core] Expose KV MultiGet rpc to python GCS client (#32600)
8c054fcca4	Amog Kamsetty	Tue Feb 21 10:19:24 2023	[AIR/Data] Add `collate_fn` to `iter_torch_batches` (#32412)
d21974fcda	Amog Kamsetty	Tue Feb 21 10:16:29 2023	[AIR/Data] Make `BatchPredictor` lazy (#32510)
77747e7021	Shomil Jain	Tue Feb 21 09:51:15 2023	[OSS release tests] Update tags (#32689)
f374554692	xwjiang2010	Tue Feb 21 09:50:31 2023	[air] Fix NoneType error loading TorchCheckpoint through `from_uri`. (#32386)
7774cc3eba	Stephanie Wang	Tue Feb 21 05:12:36 2023	[core] Fix error for connecting to existing cluster from OSX/Windows driver (#32646)
bab975281c	Larry	Mon Feb 20 19:29:40 2023	[Core][C++ Worker]Add ray_job_namespace param for c++ worker driver (#32681)
3ef2c639c0	Jules S. Damji	Mon Feb 20 12:13:04 2023	Added a blog example for MMT in the use cases (#32647)
554840c9db	Larry	Mon Feb 20 04:11:44 2023	[Core][C++ Worker] libray_api.so exports absl::flag symbols (#32648)
adf2b92afc	Shomil Jain	Sun Feb 19 18:33:40 2023	[Release] Update paging Anyscale API call to fix OSS release tests (#32679)
acfc7626da	Shomil Jain	Fri Feb 17 18:32:36 2023	[Release] Migrate (almost all, but 10) remaining Release Tests to Anyscale Jobs (#32616)
50045b610e	Artur Niederfahrenhorst	Fri Feb 17 15:42:26 2023	[RLlib] Move Models + ActorCriticEncoder + Tests (#32453)
c6fe4bf51e	kourosh hakhamaneshi	Fri Feb 17 15:40:08 2023	[RLlib] Consolidate the API for both Tf and Torch PPO Learner (#32609)
7bf2431ebc	Sihan Wang	Fri Feb 17 15:39:30 2023	[Serve] Multi app deploy improvements (route check & deployment clean up) (#32225)
edf9906455	kourosh hakhamaneshi	Fri Feb 17 13:38:27 2023	[RLlib] Fixes serialization of nested gym spaces (#32645)
c7a50b4ea8	Zhi Lin	Fri Feb 17 11:18:52 2023	[Datasets] Re-enable RayDP tests since arrow version limits removed (#31124)
ed4288533e	kourosh hakhamaneshi	Fri Feb 17 11:07:49 2023	[RLlib] Add PPO tf learner (#32588)
80634112ef	shrekris-anyscale	Fri Feb 17 07:25:02 2023	[Core] Update log path in Ray agent error message (#32610)
b2599ab446	Avnish Narayan	Thu Feb 16 22:31:14 2023	[RLlib] IMPALA TF Vtrace v2 (#32506)
08d45377a6	Justin Yu	Thu Feb 16 21:05:29 2023	[AIR/Train] Add `Trainer.restore` API for train experiment-level fault tolerance (#31920)
7afc8d67f4	Yi Cheng	Thu Feb 16 19:26:00 2023	[nightly] Start to populate metrics for many_nodes_actor_test (#32498)
ca9b16ff14	Kai Fricke	Thu Feb 16 18:22:05 2023	[ci/docker/ml] Upgrade tensorflow to 2.11.0 (#32511)
36ab160d8e	Amog Kamsetty	Thu Feb 16 15:42:59 2023	[Data] Fix `PipelineIterator.to_tf` (#32530)
b9fa5b06cc	Cade Daniel	Thu Feb 16 15:24:12 2023	[docs] Ignoring flaky/broken links (#32611)
33636de82a	kourosh hakhamaneshi	Thu Feb 16 15:22:19 2023	[RLlib] Made the check_learning_achieved api more general (#32632)
954e6def83	Cade Daniel	Thu Feb 16 14:55:44 2023	[Build] Building py37+cu118 and using cu116 in default ray-ml image (#32636)
bace58746f	Cheng Su	Thu Feb 16 14:31:20 2023	[Datasets] Allow optimizer to be used with streaming executor (#32607)
5bc5e954dc	kourosh hakhamaneshi	Thu Feb 16 13:45:08 2023	[RLlib] Use train_utils.get_device which is a public method instead of _TorchAccelerator.get_device() (#32629)
6cf5cbb3c5	xwjiang2010	Thu Feb 16 13:12:56 2023	[tune] remove deep copy in `trial.__getstate__` (#32624)
61d0590f6d	Kai Fricke	Thu Feb 16 13:12:41 2023	[tune] Add test for multi-tenancy workaround and documentation to FAQ (#32560)
f82f29c62b	Kai Fricke	Thu Feb 16 13:10:54 2023	[deps] Bump mlflow version to 1.30.0 (#32620)
8718b3eb11	Antoni Baum	Thu Feb 16 13:01:39 2023	[ci/release] Move to Anyscale Jobs (#32135)
5161c3767b	Antoni Baum	Thu Feb 16 11:28:11 2023	[AIR] Fix `CountVectorizer` failing with big data (#32351)
35a47c57f9	Cheng Su	Thu Feb 16 11:10:15 2023	[AIR] Use larger disk size for MLPerf training benchmark (#32591)
9892c90533	kourosh hakhamaneshi	Thu Feb 16 09:52:20 2023	[RLlib] Add tf distributions (#32587)
2795097344	Kai Fricke	Thu Feb 16 09:27:25 2023	[tune] Remove deprecated Resources class (#32490)
e682939239	kourosh hakhamaneshi	Thu Feb 16 07:16:17 2023	[RLlib] Fixed Nested key existence checking in SpecDict (#32592)
cd3a7a718b	Larry	Thu Feb 16 00:14:12 2023	[Core][C++ Worker] Cross language call support bytes[] type (#32564)
8264285796	Eric Liang	Wed Feb 15 21:21:36 2023	[data] [streaming] Add streaming stats (#32398)
fa44a39fa0	Kai Fricke	Wed Feb 15 20:25:01 2023	[docs/rllib] Add gymnasium to doc mocks (#32584)
14fa2ea3fd	Antoni Baum	Wed Feb 15 16:57:50 2023	[Release] Add Anyscale Jobs support to ray_release (#32594)
abdb7c7ef6	Justin Yu	Wed Feb 15 16:44:13 2023	[Tune] Unrevert "Add more comprehensive support for remote_checkpoint_dir w/ url params (#32479)" (#32576)
cee121559b	angelinalg	Wed Feb 15 16:21:38 2023	[docs] add intro content from training module (#32088)
0559dba5a2	angelinalg	Wed Feb 15 16:21:03 2023	[docs] simplify decision instructions for MMT (#32554)
b74253861a	Cindy Zhang	Wed Feb 15 15:34:50 2023	[Serve] Change API to use ServeDeploySchema to replace ServeApplicationSchema (#32285)
8df10bfaaf	Artur Niederfahrenhorst	Wed Feb 15 14:49:09 2023	[RLlib] change leela chess links in docs and readme (#32566)
cf978e1d84	Artur Niederfahrenhorst	Wed Feb 15 14:48:03 2023	[RLlib] Fix ReplayBuffer doctest (#32477)
a3beb655f8	Jiajun Yao	Wed Feb 15 14:22:36 2023	[doc] Don't autosummary undoc members (#32570)
617987001e	Kai Fricke	Wed Feb 15 13:55:21 2023	[ci/release] Terminate clusters on job cancellation (#27259)
be72005bee	Kai Fricke	Wed Feb 15 13:54:07 2023	[ci/release] Add Yard1 as codeowner for ray-release package (#32582)
57a6d21f4f	Antoni Baum	Wed Feb 15 13:28:40 2023	[Train] Set `torch.distributed` env vars (#32450)
8b9c0bcef2	Scott Lee	Wed Feb 15 12:52:26 2023	[Dataset] Enable `read_tfrecords` to accept features with missing values (#31922)
1e401cd2cf	Balaji Veeramani	Wed Feb 15 12:47:45 2023	[AIR] Fix `DatasetIterator` backwards compability (#32526)
5e3004c53c	Jian Xiao	Wed Feb 15 11:34:49 2023	Don't switch order of randomize_block_order and write operators (#32555)
350fb13090	Justin Yu	Wed Feb 15 09:47:46 2023	Revert "[build_base] [Tune] Add more comprehensive support for remote `upload_dir` w/ endpoint and params (#32479)" (#32571)
43dd0dc400	xwjiang2010	Wed Feb 15 09:17:57 2023	[release] fix hvd test. (#32558)
789e683801	Justin Yu	Wed Feb 15 08:56:46 2023	[AIR][Doc] Add back important Ray Train integration methods (for Torch/TF) (#32551)
de2f8da435	Max Pumperla	Wed Feb 15 01:42:57 2023	[docs] navigation and search fixes (#32428)
ad4ac257d4	Eric Liang	Tue Feb 14 21:36:12 2023	[data] [streaming] Fix progress bar clobbering shell output (#32456)
2c58dc78cf	SangBin Cho	Tue Feb 14 18:30:18 2023	[Doc] Improve the dashboard visibility (#32525)
2f2080f072	Justin Yu	Tue Feb 14 18:00:45 2023	[build_base] [Tune] Add more comprehensive support for remote `upload_dir` w/ endpoint and params (#32479)
e4b9db04ab	Balaji Veeramani	Tue Feb 14 17:41:17 2023	[Datasets] Add glossary (#32400)
0202379cae	Antoni Baum	Tue Feb 14 17:33:19 2023	[Train] Improve lazy checkpointing (#32233)
e74dcfc278	Antoni Baum	Tue Feb 14 17:25:31 2023	[AIR] Make `Checkpoint.get_preprocessor` faster (#32350)
98b267f390	kourosh hakhamaneshi	Tue Feb 14 15:04:14 2023	[RLlib] Rename RLTrainer to Learner and TrainerRunner to LearnerGroup (#32518)
bc6b40a279	Justin Yu	Tue Feb 14 14:35:16 2023	[Tune] Allow re-specifying param space in `Tuner.restore` (#32317)
b9f7e19aa1	Alan Guo	Tue Feb 14 14:27:31 2023	[docs] setting up grafana and prometheus (#31129)
e8f1cf6bc1	Justin Yu	Tue Feb 14 12:58:54 2023	[Tune] Update trainable `remote_checkpoint_dir` upon actor reuse (#32420)
b12c0d1f29	Cade Daniel	Tue Feb 14 12:27:24 2023	Revert "[data] Fix pandas import failures by moving it to a top-level data import (#32447)" (#32533)
9dcb369cc2	Amog Kamsetty	Tue Feb 14 12:01:25 2023	[Data] Update DatasetPipeline.to_tf API to match with Dataset.to_tf (#32531)
bf5e721780	Stephanie Wang	Tue Feb 14 10:19:56 2023	[core] Add opt-in flag for Windows and OSX clusters, update ray start output to match docs (#32409)
19ca00b8d7	Jiajun Yao	Tue Feb 14 09:52:10 2023	Fix autosummary to show docstring of class members (#32520)
d87d86fc00	Justin Yu	Tue Feb 14 09:01:57 2023	[AIR][Train][Doc] Restructure API reference (#32360)
d092b126b6	Kai Fricke	Tue Feb 14 09:00:26 2023	[tune] Fix two tests after structure refactor deprecation (#32517)
66c05338b0	Cheng Su	Mon Feb 13 23:15:52 2023	[Datasets] Add logical operator for aggregate (#32462)
3414797b83	Jian Xiao	Mon Feb 13 23:11:51 2023	Add write operator in new logical plan (#32440)
f0d96c5c84	Jian Xiao	Mon Feb 13 23:10:55 2023	Clean up RAY_DATASET_FORCE_LOCAL_METADATA flag (#32483)
b89457aa86	Jian Xiao	Mon Feb 13 23:09:46 2023	Deflake test_dataset.py: split torch tests (#32487)
99d00ad8cb	Jiajun Yao	Mon Feb 13 22:57:05 2023	[Doc] Restructure core API docs (#32236)
efc432bd21	Kai Fricke	Mon Feb 13 18:30:11 2023	[tune] Fix resuming from cloud storage (+ test) (#32504)
a447cbbb2d	kourosh hakhamaneshi	Mon Feb 13 18:16:48 2023	[RLlib] Allow MARLModule customization from algorithm config (#32473)
bc012884e1	Eric Liang	Mon Feb 13 17:32:42 2023	[data] Fix pandas import failures by moving it to a top-level data import (#32447)
421b52794d	Justin Yu	Mon Feb 13 17:30:24 2023	[Tune] Fix docstring failures (#32484)
71dfd20795	Clark Zinzow	Mon Feb 13 16:54:46 2023	[Datasets] Always preserve order for the BulkExecutor. (#32437)
91940e3a5e	Yunxuan Xiao	Mon Feb 13 15:45:53 2023	[Doc] Add data ingestion clarification for AIR converting existing pytorch code example (#32058)
2cee078ea6	Kai Fricke	Mon Feb 13 15:40:17 2023	[tune] Structure refactor: Raise on import of old modules (#32486)
e56665ef6c	Ricky Xu	Mon Feb 13 15:28:01 2023	[ci][core] Calculate actor creation time properly for stress_test_many_tasks (#32438)
e71c63f1f2	xwjiang2010	Mon Feb 13 14:47:44 2023	[tune/train] clean up tune/train result output (#32234)
80f2161ac3	Clark Zinzow	Mon Feb 13 13:05:39 2023	[Datasets] Track bundles object store utilization as soon as they're added to an operator (#32482)
6de3cbe9a1	Archit Kulkarni	Mon Feb 13 11:35:04 2023	[Jobs] Improve error message in case of `404` (#31120)
7e662dd772	Kai Fricke	Mon Feb 13 11:07:11 2023	[tune] Move experiment state/checkpoint/resume management into a separate file (#32457)
4ffa7fd87f	kourosh hakhamaneshi	Mon Feb 13 10:49:13 2023	[RLlib] Added test version of BC algorithm based on RLModules an RLTrainers (#32471)
997e95eedb	Pratik Rajput	Mon Feb 13 09:49:34 2023	Fix typo in README.md (#32466)
2e9b83423b	Ian Rodney	Mon Feb 13 08:51:37 2023	[ActorInit] Fix Bug in Actor creation (#32277)
cacc982216	Artur Niederfahrenhorst	Mon Feb 13 08:20:55 2023	[RLlib] Add sample timer to all algorithms' `training_step()` methods (where it's simple to add). (#32475)
4c52789ffd	Artur Niederfahrenhorst	Mon Feb 13 08:18:40 2023	[RLlib] Derive SAC model from AlgorithmConfig["model"] instead of MODEL_DEFAULTS (#31821)
80e982b17a	kourosh hakhamaneshi	Sat Feb 11 13:29:57 2023	[RLlib] Shared encoder MARL unittest and example (#32460)
b3b033667b	Cheng Su	Fri Feb 10 19:09:58 2023	Fix doc test for dataset.py (#32458)
9a041191ed	Clark Zinzow	Fri Feb 10 15:25:26 2023	[Datasets] Make ray.data.from_* APIs lazy. (#32390)
704fd4a8a7	clarng	Fri Feb 10 15:16:29 2023	[core] Force kill worker whose job has exited (#32217)
37086a5a1d	Chris K. W	Fri Feb 10 15:07:04 2023	[Autoscaler] Make ~/.bashrc optional in autoscaler commands (#32393)
2874e474f5	Artur Niederfahrenhorst	Fri Feb 10 14:59:05 2023	[Docs] Fix broken Tune links to overview and intergration (#32442)
dade5955de	Jian Xiao	Fri Feb 10 14:32:44 2023	Use retriable_lifo policy for shuffle 1tb nightly test (#32417)
ed640b6c8e	Clark Zinzow	Fri Feb 10 14:30:22 2023	[Datasets] [Docs] Update docs to reflect lazy-by-default execution model. (#32387)
bc2de90fbb	Ricky Xu	Fri Feb 10 14:14:25 2023	[ci][core] Do not set flushing thread niceness for task backend #32439
08a8c65e99	Cheng Su	Fri Feb 10 13:49:46 2023	[Datasets] Update Ray Data documentation for lazy execution by default (1st part) (#32394)
16a7683fbd	Jiajun Yao	Fri Feb 10 13:31:25 2023	[Doc] Document the top-k default scheduling strategy (#32331)
687918421f	Chen Shen	Fri Feb 10 13:29:43 2023	[docs] removing docs referring ray client. (#32209)
299d8f0e34	Jiajun Yao	Fri Feb 10 13:06:31 2023	Add triage label to enhancement and doc issues as well (#32352)
faeb2cc2cb	Balaji Veeramani	Fri Feb 10 12:50:04 2023	[AIR] Allow users to pass `Callable[[torch.Tensor], torch.Tensor]` to `TorchVisionTransform` (#32383)
613f4b006f	Justin Yu	Fri Feb 10 12:21:08 2023	[Tune][Doc] Restructure API reference (#32311)
db9cfa64a4	Ricky Xu	Fri Feb 10 11:05:58 2023	[core][state] State API scale losing data (#32408)
b7e671dee5	SangBin Cho	Fri Feb 10 11:04:35 2023	[Metrics] Fix flaky test_task_metrics + fix slow report issue from unit tests (#32342)
d8639abfa5	Cheng Su	Fri Feb 10 10:35:53 2023	[Datasets] Not change `map_batches()` UDF name in `Dataset.__repr__` (#32411)
35e106a1b7	Archit Kulkarni	Fri Feb 10 09:45:00 2023	[Job API] Handle multiple drivers with same job submission id in GCS GetAllJobInfo endpoint (#32388)
d9a17f29e6	xwjiang2010	Fri Feb 10 09:35:15 2023	[Tune] Improve logging, unify trial retry logic, improve trial restore retry test. (#32242)
9cbf406ddd	Jialing He	Fri Feb 10 00:59:44 2023	[Bug Fix][Object Store] race condition: Pull Manager will hang in certain timings  (#31464)
60fa8fe49b	kourosh hakhamaneshi	Thu Feb 9 23:11:13 2023	[RLlib] Cleanup RLTrainer (#32345)
841a4fb19b	kourosh hakhamaneshi	Thu Feb 9 23:07:58 2023	[RLlib] Clean up RLModule  (#32328)
a1938c3d59	Antoni Baum	Thu Feb 9 20:02:11 2023	[Train] Fix `use_gpu` with `HuggingFacePredictor` (#32333)
73b52e0add	clarng	Thu Feb 9 19:06:12 2023	 [core][oom] Use retriable lifo policy for dask 3x nightly test (#32361)
d807ce0876	Chen Shen	Thu Feb 9 17:41:02 2023	Revert "[core] Add opt-in flag for Windows and OSX clusters, update `ray start` output to match docs (#31166)" (#32403)
c9cf2ef332	Avnish Narayan	Thu Feb 9 17:20:44 2023	[RLlib] Async trainer manager (#32282)
492ff7e75c	Kai Fricke	Thu Feb 9 16:50:55 2023	[air/execution] Event manager part 2: Implementation (#31811)
4420120006	Amog Kamsetty	Thu Feb 9 16:28:45 2023	[AIR] Automatically move `DatasetIterator` torch tensors to correct device (#31753)
b4ad23a605	Amog Kamsetty	Thu Feb 9 16:28:09 2023	[Data] Add rule for `ReorderRandomizeBlockOrder` (#32254)
2bbe8c1e62	Ricky Xu	Thu Feb 9 14:43:07 2023	[core][state] Task Backend - reduce lock contention on debug stats / metric recording on counters.  (#32355)
188c4115ea	SangBin Cho	Thu Feb 9 14:28:12 2023	[Core/Observability] Fix the timeline bugs (#32287)
741b7a0da6	Jiajun Yao	Thu Feb 9 14:00:53 2023	[Doc] Move actor checkpointing to actor fault tolerance page  (#32153)
fc81af1d60	Yi Cheng	Thu Feb 9 13:50:44 2023	[core] Fix gRPC callback API destruction issues. (#32151)
8bf1d0382d	Wendi-anyscale	Thu Feb 9 13:39:33 2023	[docs]Fix wording of Many model training guidance (#32319)
69a14e7648	Ricky Xu	Thu Feb 9 12:56:40 2023	[core][state] Task backend improve performance (#32251)
f80badcdb0	Avnish Narayan	Thu Feb 9 12:29:44 2023	[RLlib] Remove leela chess from release tests (#32325)
0e56dffde9	Eric Liang	Thu Feb 9 10:21:03 2023	[data] [streaming] Implement locality-aware actor task assignment (#32278)
90f8511139	Stephanie Wang	Thu Feb 9 09:56:28 2023	[core] Add opt-in flag for Windows and OSX clusters, update `ray start` output to match docs (#31166)
d653f73ebb	Alex Wu	Wed Feb 8 20:32:12 2023	[autoscaler][observability] Better memory formatting (#32337)
b2e7699705	Jian Xiao	Wed Feb 8 20:31:06 2023	Use dataset random_shuffle() for shuffle nightly (#32343)
67d1515b70	Cheng Su	Wed Feb 8 20:30:30 2023	[Datasets] Fix sort nightly test to skip `stats()` if exception is raised (#32329)
5f0f95acc3	clarng	Wed Feb 8 20:29:36 2023	[core] Update oom docs to reflect latest policy (#32219)
5c1c888419	xwjiang2010	Wed Feb 8 17:56:18 2023	[release] update if xgboost test suite requires result or not. (#32340)
63d922b335	Cade Daniel	Wed Feb 8 16:43:57 2023	[core] Improving failure message when ray processes fail to start on new node (#32303)
b011d56266	Yi Cheng	Wed Feb 8 16:35:17 2023	[doc] Update running large scale ray cluster doc for 2.3. (#32336)
6cfb541bab	Huaiwei Sun	Wed Feb 8 16:20:48 2023	[Doc] add job overview diagram (#32050)
b73f3eb3a4	Avnish Narayan	Wed Feb 8 16:11:28 2023	[RLlib] Modifications to gpu resource logic in rl_trainer (#32149)
22bc1e9b3d	Sihan Wang	Wed Feb 8 14:11:44 2023	[Serve][Doc] Refactor the Ray Serve API doc (#32307)
3bb73d32f2	Yi Cheng	Wed Feb 8 13:49:57 2023	[core] Fix comments and a corner case in #32302 (#32323)
f05eeb4e3a	Eric Liang	Wed Feb 8 12:56:45 2023	[data] [streaming] No preserve order by default (#32300)
0466bd3d52	Artur Niederfahrenhorst	Wed Feb 8 12:35:46 2023	[RLlib] Make one hidden layer config possible for TorchMLP (#32310)
53260af03b	Balaji Veeramani	Wed Feb 8 11:40:38 2023	[AIR] Add `TorchDetectionPredictor` (#32199)
468e606481	Cade Daniel	Wed Feb 8 11:22:43 2023	[Ray release infra] Script to compare perf metrics between releases (#32290)
cb5129c8ad	Chen Shen	Wed Feb 8 10:56:59 2023	[telemetry] remove extra print #32322
cf1bc835d5	Yi Cheng	Wed Feb 8 10:46:45 2023	[core] Fix the GCS memory usage high issue
56606aed0b	Chen Shen	Wed Feb 8 10:31:10 2023	[Telemetry] track num tasks created (#32106)
d25650824e	Jiajun Yao	Wed Feb 8 09:11:43 2023	[Doc] Add tips of writing fault tolerant Ray applications (#32191)
b85eb5285f	kourosh hakhamaneshi	Tue Feb 7 23:48:32 2023	[RLlib] Forward fix for failing PPO Torch RLTrainer test (#32308)
59c62e472f	Artur Niederfahrenhorst	Tue Feb 7 23:47:36 2023	[RLlib] Support empty leafs with NestedDict (#32136)
585f8aa336	kourosh hakhamaneshi	Tue Feb 7 23:00:06 2023	[RLlib] Move minibatching into RLTrainer instead of TrainerRunner (#32262)
bae61d95c0	xwjiang2010	Tue Feb 7 22:44:17 2023	[release] Improve handle_result in case of empty fetched result. (#32055)
e84fcb12db	Justin Yu	Tue Feb 7 22:36:52 2023	[Tune] Remove Ray Client references from Tune and Train docs/examples (#32299)
cefd3c4ce7	Jian Xiao	Tue Feb 7 19:37:50 2023	Reenable autoscaling use in xgboost bench (#32196)
aa504aed4f	Jian Xiao	Tue Feb 7 19:36:52 2023	Make write an operator as part of the execution plan (#32015)
befad81464	Jun Gong	Tue Feb 7 18:23:19 2023	[Tune] Replace reference values in a config dict with placeholders (#31927)
1f77e04040	kourosh hakhamaneshi	Tue Feb 7 18:21:37 2023	[RLlib] PPO torch RLTrainer (#31801)
3f43969f77	Balaji Veeramani	Tue Feb 7 18:17:33 2023	[Datasets] Promote `_create_strict_ragged_ndarray` to public API (#31975)
5e1def0a95	Balaji Veeramani	Tue Feb 7 16:47:10 2023	[AIR] Fix `dtype` type hint in `DLPredictor` methods (#32198)
3fa36d9c0f	Balaji Veeramani	Tue Feb 7 16:34:00 2023	[Datasets] Fix book-documentation (#32293)
51efd2fba2	Cade Daniel	Tue Feb 7 16:17:14 2023	Increase timeout of stress_test_many_tasks to ensure perf metrics are available (#32286)
00db3364f6	SangBin Cho	Tue Feb 7 15:36:36 2023	[Core] Fix recursive cancelation crashes the worker when actor task is a child.  (#32259)
37580d7713	Kai Fricke	Tue Feb 7 14:56:56 2023	[ci/release] Improve error message when kicking off tests from a commit (#32281)
cf955141f9	Yunxuan Xiao	Tue Feb 7 14:56:34 2023	[Tune] Add repr for ResultGrid class (#31941)
999559998b	Artur Niederfahrenhorst	Tue Feb 7 14:39:12 2023	[build_base] [Docker] Add cuda 11.8 images (#32247)
ce5a21a53b	Alan Guo	Tue Feb 7 14:23:26 2023	Fix overview page to work with the new DASHBOARD_UID env var (#32279)
773f7bf176	Antoni Baum	Tue Feb 7 13:48:52 2023	[Tune] Add `use_threads=False` in pyarrow syncing (#32256)
2efee15916	Balaji Veeramani	Tue Feb 7 12:40:23 2023	[Data] Revise "Getting Started" page (#31989)
027965b7b4	Artur Niederfahrenhorst	Tue Feb 7 10:48:07 2023	[RLlib] Chaining Models in RLModules (#31469)
c83111a223	Kai Fricke	Tue Feb 7 10:31:49 2023	[air/benchmarks] Fix typo in tensorflow_benchmark.py script preventing proper error surfacing (#32269)
74323671ba	Cheng Su	Tue Feb 7 10:12:06 2023	Refactor API documentation for job submission (#32252)
eec97912b4	clarng	Tue Feb 7 01:18:55 2023	clean up raylet client mocks (#32216)
8030e51816	Alan Guo	Tue Feb 7 01:01:28 2023	Remove metrics-based progress-bar endpoints (#31702)
f3ae74e7de	Alan Guo	Tue Feb 7 01:00:26 2023	Allow overriding the UID of the default grafana dashboard exported by ray (#32255)
e71e3a7ab4	Cheng Su	Mon Feb 6 17:28:18 2023	[Docs] Refactor Ray Workflows API documentation (#32248)
095960cf65	Jian Xiao	Mon Feb 6 12:31:36 2023	[Datasets] Deflake the test_dataset.py (#32200)
2314775e4c	shrekris-anyscale	Mon Feb 6 09:04:46 2023	[Serve] Remove logging requirement for `long_running_serve_failure` (#32181)
276559effb	Archit Kulkarni	Mon Feb 6 08:21:01 2023	[Doc] [runtime env] Address common question about importing packages outside Ray (#31373)
5503bcdb7f	SangBin Cho	Sat Feb 4 13:26:55 2023	[Dashboard] Turn on new IA by default (#32164)
715e1b297b	xwjiang2010	Sat Feb 4 02:45:53 2023	[tune/doc] improve `log_to_file` doc. (#32128)
37c0f7687f	David Xia	Sat Feb 4 02:45:22 2023	[docs] fix typo in huggingface_text_classification.ipynb (#32207)
8b55e2d853	David Xia	Fri Feb 3 21:09:09 2023	[Docs] Fix typo in Huggingface example notebook  (#32218)
370a574826	clarng	Fri Feb 3 08:56:55 2023	[core] release test for nested air (tune) oom (#31768)
6f97a8301e	Yi Cheng	Fri Feb 3 08:56:07 2023	Revert "Revert "[core] Increase the threshold for pubsub integration test"" (#32177)
b31343a8af	yuduber	Thu Feb 2 17:04:36 2023	[air] avoid inconsistency of create filesystem from uri for hdfs case (#30611)
b81f0cdfaa	kourosh hakhamaneshi	Thu Feb 2 15:24:50 2023	[RLlib] Exclude gpu tag from Examples test suite in RLlib (#32141)
fdfef1f0a2	Avnish Narayan	Thu Feb 2 11:49:27 2023	[RLlib] Optimize the trainer runner test, add method for shutting down a trainer runner and releasing resources (#32109)
a53907c61b	Avnish Narayan	Thu Feb 2 10:20:51 2023	[RLlib] Add tags option to actor manager (#31803)
29cd2fa93d	Ram Rachum	Thu Feb 2 09:22:06 2023	[RLlib] Fix typehint for `explore` argument. (#30734)
ada5db71db	Chen Shen	Thu Feb 2 04:38:44 2023	Revert "Revert "[Core] add ray-core as code-owner for most of the core code-path (#32082)" (#32176)" (#32190)
ed837156f8	WeichenXu	Thu Feb 2 04:36:00 2023	[spark] Refine some text in Ray on Spark exception messages and warning messages (#32162)
509121731f	Alan Guo	Thu Feb 2 02:47:50 2023	IA polish for demo (#32158)
74266a2240	Scott Lee	Wed Feb 1 18:52:42 2023	[Datasets] Add support for string tensor columns in `ArrowTensorArray` and `ArrowVariableShapedTensorArray` (#32143)
a954ab7153	Ricky Xu	Wed Feb 1 16:31:56 2023	[ci][job] Move test_cli_integration to large test  (#32171)
d6de1ce997	Justin Yu	Wed Feb 1 15:51:15 2023	[Tune] Add `Tuner.can_restore(path)` utility for checking if an experiment exists at a path/uri (#32003)
1f53e606be	Kai Fricke	Wed Feb 1 15:46:28 2023	[tune] Sync less often and only wait at end of experiment (#32155)
6d39879899	Antoni Baum	Wed Feb 1 13:30:47 2023	[Release] Fix bad import in AIR benchmark (#32175)
6e39b2e025	Kai Fricke	Wed Feb 1 13:16:18 2023	[tune/execution][rfc] Cache ready futures in RayTrialExecutor (#32093)
f49b1b287c	Ricky Xu	Wed Feb 1 12:37:43 2023	[core][state] Fix task failed time when job finishes (#32161)
4d526c5b29	Chen Shen	Wed Feb 1 12:07:36 2023	Revert "[Core] add ray-core as code-owner for most of the core code-path (#32082)" (#32176)
223a9a6b5f	Chen Shen	Wed Feb 1 11:53:43 2023	[Core] add ray-core as code-owner for most of the core code-path (#32082)
e9269ab5f1	Cheng Su	Wed Feb 1 10:17:55 2023	[Datasets] Fix filter logic and reuse output buffer (#32160)