routing_decision,original_request_id,matched_replica_request_id
internal_request_id,6740c161-623d-436f-989d-ce884b382905,6740c161-623d-436f-989d-ce884b382905
internal_request_id,1fb65cb8-6f89-486e-9f36-92a73488b899,1fb65cb8-6f89-486e-9f36-92a73488b899
internal_request_id,fdc09273-4333-4f8f-9d5f-1b4b1a41c864,fdc09273-4333-4f8f-9d5f-1b4b1a41c864
internal_request_id,0b8bb963-45bc-440c-968d-e30fb4c47f81,0b8bb963-45bc-440c-968d-e30fb4c47f81
internal_request_id,63b0189a-ec54-432b-b820-032823415745,63b0189a-ec54-432b-b820-032823415745
internal_request_id,5a069ba3-3870-48da-a39a-2a1539e2071d,5a069ba3-3870-48da-a39a-2a1539e2071d
internal_request_id,e22121bb-a6d7-495d-9bc3-2925ad653f6e,e22121bb-a6d7-495d-9bc3-2925ad653f6e
internal_request_id,d2cd529a-d9f2-4ce5-bc93-851db0b0255b,d2cd529a-d9f2-4ce5-bc93-851db0b0255b
internal_request_id,42cbe67d-4ecb-4ef7-839f-62206e68ae22,42cbe67d-4ecb-4ef7-839f-62206e68ae22
internal_request_id,34da8278-b04b-44a6-8f56-a8ead2cc5285,34da8278-b04b-44a6-8f56-a8ead2cc5285
internal_request_id,76fce12a-c8d7-401b-ac9f-fbca4adb2cec,76fce12a-c8d7-401b-ac9f-fbca4adb2cec
internal_request_id,dcfdc56b-dc83-4dd1-9201-931ca147f13b,dcfdc56b-dc83-4dd1-9201-931ca147f13b
internal_request_id,8dd7b86e-1878-47c2-b611-cdc10bdbb355,8dd7b86e-1878-47c2-b611-cdc10bdbb355
internal_request_id,6edaa388-075f-4f2d-91f2-20adc3583f43,6edaa388-075f-4f2d-91f2-20adc3583f43
internal_request_id,9c151f4d-83a1-4c27-a4f9-886415c11bd4,9c151f4d-83a1-4c27-a4f9-886415c11bd4
internal_request_id,a6044659-b0e1-44a3-be60-bbefcd02bf7f,a6044659-b0e1-44a3-be60-bbefcd02bf7f
internal_request_id,bf85f0ea-7855-4324-9ab3-02a3e729c55d,bf85f0ea-7855-4324-9ab3-02a3e729c55d
internal_request_id,77b1197d-fc23-4312-a6d8-abd857c92d62,77b1197d-fc23-4312-a6d8-abd857c92d62
internal_request_id,193c5851-0b68-47eb-8a21-4f95795a2cb9,193c5851-0b68-47eb-8a21-4f95795a2cb9
internal_request_id,54c40da2-6e3d-4bf9-971a-346ce4b670dd,54c40da2-6e3d-4bf9-971a-346ce4b670dd
internal_request_id,6767478f-02f5-4f04-a737-239d0db00a75,6767478f-02f5-4f04-a737-239d0db00a75
internal_request_id,97ada72b-2c6e-4877-ac06-9843ada39196,97ada72b-2c6e-4877-ac06-9843ada39196
internal_request_id,39cd5f8d-9006-4f53-9885-a5f51f099ab6,39cd5f8d-9006-4f53-9885-a5f51f099ab6
internal_request_id,75427484-5555-4077-bf49-72d6f5c826e6,75427484-5555-4077-bf49-72d6f5c826e6
internal_request_id,54b9ef9a-20fe-4a86-9487-b572c4a363f4,54b9ef9a-20fe-4a86-9487-b572c4a363f4
internal_request_id,1a48b858-912f-4800-b116-63e17781c0ba,1a48b858-912f-4800-b116-63e17781c0ba
internal_request_id,9de6c2d6-b62a-4324-9060-673d0e5d9990,9de6c2d6-b62a-4324-9060-673d0e5d9990
internal_request_id,ec154b56-e342-4e51-96ad-49be44d349a8,ec154b56-e342-4e51-96ad-49be44d349a8
internal_request_id,ba6f2839-8e45-45ee-a5dc-969f7b5cd98f,ba6f2839-8e45-45ee-a5dc-969f7b5cd98f
internal_request_id,b2a03517-5104-42c3-a5d3-818dd23e0130,b2a03517-5104-42c3-a5d3-818dd23e0130
internal_request_id,1e87e166-3254-4e13-aaf8-e0050dc5384f,1e87e166-3254-4e13-aaf8-e0050dc5384f
internal_request_id,615cc56e-4543-4549-9e99-388d5022f0aa,615cc56e-4543-4549-9e99-388d5022f0aa
internal_request_id,ded8a3b5-a0e4-4744-8d71-50e1cd840306,ded8a3b5-a0e4-4744-8d71-50e1cd840306
internal_request_id,855375eb-be38-4625-a5b6-9a712b78b341,855375eb-be38-4625-a5b6-9a712b78b341
internal_request_id,1825c3f1-f925-4504-8edf-34faf0a073de,1825c3f1-f925-4504-8edf-34faf0a073de
internal_request_id,e17bcbb7-f8a7-40b4-8988-3584a818c5d9,e17bcbb7-f8a7-40b4-8988-3584a818c5d9
internal_request_id,a34f5ee2-0c73-47cc-8931-ac0e2a90d2cf,a34f5ee2-0c73-47cc-8931-ac0e2a90d2cf
internal_request_id,6df3d6da-c81c-417d-903b-3b949ebdf207,6df3d6da-c81c-417d-903b-3b949ebdf207
internal_request_id,cca231f1-877c-4999-96dd-001915681532,cca231f1-877c-4999-96dd-001915681532
internal_request_id,fd5feec8-c1dc-416b-82b4-1e325173b7cd,fd5feec8-c1dc-416b-82b4-1e325173b7cd
internal_request_id,916a1a77-cd1a-4ce7-8439-4fb7750cf5dd,916a1a77-cd1a-4ce7-8439-4fb7750cf5dd
internal_request_id,4fe9b396-3f48-4f5b-b938-489adb1e8a24,4fe9b396-3f48-4f5b-b938-489adb1e8a24
internal_request_id,23457dae-978c-4688-a010-3d7577492f03,23457dae-978c-4688-a010-3d7577492f03
internal_request_id,4711c517-9ba2-4b70-9485-b751ff2a02fa,4711c517-9ba2-4b70-9485-b751ff2a02fa
internal_request_id,fe7872f8-bb3d-47d3-aead-4436d20b7574,fe7872f8-bb3d-47d3-aead-4436d20b7574
internal_request_id,eec062c7-a54f-4aeb-989e-9fcc8833cc0a,eec062c7-a54f-4aeb-989e-9fcc8833cc0a
internal_request_id,dcf9a6c7-62d9-4ec8-8a6e-ca17942632ca,dcf9a6c7-62d9-4ec8-8a6e-ca17942632ca
internal_request_id,e0fd7cbe-5de6-482d-86a3-b35cf7015dc5,e0fd7cbe-5de6-482d-86a3-b35cf7015dc5
internal_request_id,60ed76e1-3f95-43c1-ba53-9d6880dfa0c6,60ed76e1-3f95-43c1-ba53-9d6880dfa0c6
internal_request_id,72541af0-c0ea-4307-ad5f-23b357a74901,72541af0-c0ea-4307-ad5f-23b357a74901
internal_request_id,b71b481b-5e36-4040-adda-9776a5eaa405,b71b481b-5e36-4040-adda-9776a5eaa405
internal_request_id,b4b69fac-b97c-4304-bd87-89c0e09f0446,b4b69fac-b97c-4304-bd87-89c0e09f0446
internal_request_id,48d33ed2-6180-4af7-a233-27ce5089c9dc,48d33ed2-6180-4af7-a233-27ce5089c9dc
internal_request_id,7bbc0139-a7e8-4c34-8f42-8575975c2346,7bbc0139-a7e8-4c34-8f42-8575975c2346
internal_request_id,4aca5ab9-b70a-4f89-b3e0-5185c7639d24,4aca5ab9-b70a-4f89-b3e0-5185c7639d24
internal_request_id,4123a4b1-10a9-4a51-b8b2-9bc7e5239245,4123a4b1-10a9-4a51-b8b2-9bc7e5239245
internal_request_id,80afe5ea-e244-4358-b163-ba2f7bff74e0,80afe5ea-e244-4358-b163-ba2f7bff74e0
internal_request_id,1320cd8d-7c13-440f-a4d8-3d1b3edf4265,1320cd8d-7c13-440f-a4d8-3d1b3edf4265
internal_request_id,0fbdb7af-37f3-4194-b904-8b6311dad0c1,0fbdb7af-37f3-4194-b904-8b6311dad0c1
internal_request_id,42c75588-341a-437e-a0d0-5f9e110ae040,42c75588-341a-437e-a0d0-5f9e110ae040
internal_request_id,7dedc2d9-d714-4000-ae5c-df913b798deb,7dedc2d9-d714-4000-ae5c-df913b798deb
internal_request_id,9255c055-f662-4333-a268-ff4e27574e30,9255c055-f662-4333-a268-ff4e27574e30
internal_request_id,4201e010-0ec5-4a04-983f-60c2d172116e,4201e010-0ec5-4a04-983f-60c2d172116e
internal_request_id,ee3b0c6e-b7a6-435b-b4f1-eec481dd4241,ee3b0c6e-b7a6-435b-b4f1-eec481dd4241
internal_request_id,51e60912-3896-47b8-84d8-130cfa7e3933,51e60912-3896-47b8-84d8-130cfa7e3933
internal_request_id,b8685a4b-dafb-40ef-9d36-89649a952a90,b8685a4b-dafb-40ef-9d36-89649a952a90
internal_request_id,b1488bb3-f178-405d-b40b-27d3ec253d88,b1488bb3-f178-405d-b40b-27d3ec253d88
internal_request_id,223dd79b-a309-4c4e-ad07-2e11fc6c62ff,223dd79b-a309-4c4e-ad07-2e11fc6c62ff
internal_request_id,14170375-184f-4d07-b795-a8f27aa4e168,14170375-184f-4d07-b795-a8f27aa4e168
internal_request_id,5957c3ce-8410-4820-a14c-e578eb8ddeb5,5957c3ce-8410-4820-a14c-e578eb8ddeb5
internal_request_id,26dd0ba4-e113-4402-bf2f-91b0bd62dfc6,26dd0ba4-e113-4402-bf2f-91b0bd62dfc6
internal_request_id,12d5499b-5f0c-437e-8b12-92b3758ef390,12d5499b-5f0c-437e-8b12-92b3758ef390
internal_request_id,2f85a482-f48b-4fd2-b34b-9640f9a18946,2f85a482-f48b-4fd2-b34b-9640f9a18946
internal_request_id,163e7bba-4c91-41a6-aa4c-190b7551ca41,163e7bba-4c91-41a6-aa4c-190b7551ca41
internal_request_id,2c987b7f-38d5-48e6-b90e-79a858352b1e,2c987b7f-38d5-48e6-b90e-79a858352b1e
internal_request_id,ec29fc53-5bcb-4035-abff-45eb8d15bca8,ec29fc53-5bcb-4035-abff-45eb8d15bca8
internal_request_id,6f079fc5-abc0-4bc8-bcb2-b22bd6874895,6f079fc5-abc0-4bc8-bcb2-b22bd6874895
internal_request_id,b5c8c7bc-4a12-4d2f-8904-920a019fb2bd,b5c8c7bc-4a12-4d2f-8904-920a019fb2bd
internal_request_id,289ea2d6-4d6a-41fc-a915-63c5276c3fac,289ea2d6-4d6a-41fc-a915-63c5276c3fac
internal_request_id,36bf0ee4-0d6c-4ba8-8be7-30742a8e481d,36bf0ee4-0d6c-4ba8-8be7-30742a8e481d
internal_request_id,6043bc60-cf25-482e-9c3e-b97c6d6294c5,6043bc60-cf25-482e-9c3e-b97c6d6294c5
internal_request_id,7004b1db-56a7-48e9-a0f8-310b193514f1,7004b1db-56a7-48e9-a0f8-310b193514f1
internal_request_id,8064c10c-0c68-45ec-b405-d1d3a4ed61a1,8064c10c-0c68-45ec-b405-d1d3a4ed61a1
internal_request_id,ff77cca9-38b9-4b57-b45a-ce1a0d0b3ec4,ff77cca9-38b9-4b57-b45a-ce1a0d0b3ec4
internal_request_id,3742bfde-2405-4be2-a903-870febcf65bb,3742bfde-2405-4be2-a903-870febcf65bb
internal_request_id,08d2a44d-ea97-44c9-9518-044d7b016b98,08d2a44d-ea97-44c9-9518-044d7b016b98
internal_request_id,019948ae-9dd1-4278-aa92-1d3b603ec2a2,019948ae-9dd1-4278-aa92-1d3b603ec2a2
internal_request_id,f2ed0e27-d243-4ec0-887f-3b5ca53aa31f,f2ed0e27-d243-4ec0-887f-3b5ca53aa31f
internal_request_id,c6019657-62e1-4a3f-beba-e64a6a142df6,c6019657-62e1-4a3f-beba-e64a6a142df6
internal_request_id,750f85a6-0d7b-43fa-89f4-d8bf23818971,750f85a6-0d7b-43fa-89f4-d8bf23818971
internal_request_id,4a212b12-3310-4e69-8333-3ee97cb69a20,4a212b12-3310-4e69-8333-3ee97cb69a20
internal_request_id,3a2e3d24-14fe-43e3-8cf5-2ff725a954dc,3a2e3d24-14fe-43e3-8cf5-2ff725a954dc
internal_request_id,799cb5f5-b9e9-4a4e-8b99-2bd92b2474cc,799cb5f5-b9e9-4a4e-8b99-2bd92b2474cc
internal_request_id,33b01859-70e3-4793-bb48-26c045b9d800,33b01859-70e3-4793-bb48-26c045b9d800
internal_request_id,af9e325c-811d-4044-8bb2-8c4d2fe02541,af9e325c-811d-4044-8bb2-8c4d2fe02541
internal_request_id,d244c638-8fac-416d-98a3-4b5e86f7fb55,d244c638-8fac-416d-98a3-4b5e86f7fb55
internal_request_id,94fcf29b-daac-4418-8d8b-dc1ff81dd922,94fcf29b-daac-4418-8d8b-dc1ff81dd922
internal_request_id,f8dd36f1-28f9-4274-84a1-920a9eabfabc,f8dd36f1-28f9-4274-84a1-920a9eabfabc
internal_request_id,9cee6c87-7d6f-4fb8-af71-c610aebeb1ba,9cee6c87-7d6f-4fb8-af71-c610aebeb1ba
internal_request_id,6caac188-38a0-46b2-8cfb-af78e866f1de,6caac188-38a0-46b2-8cfb-af78e866f1de
internal_request_id,a2dfcf18-e9b0-4956-b689-7008709fd753,a2dfcf18-e9b0-4956-b689-7008709fd753
internal_request_id,c7ac9673-056e-434d-ba26-13b082761a84,c7ac9673-056e-434d-ba26-13b082761a84
internal_request_id,c570a142-3dff-4fc5-bee2-9baab55b9e99,c570a142-3dff-4fc5-bee2-9baab55b9e99
internal_request_id,cfe86665-20aa-4a9d-bbb6-f24525a16929,cfe86665-20aa-4a9d-bbb6-f24525a16929
internal_request_id,f5d8f0b3-6404-42fc-bdc8-844db5ec844f,f5d8f0b3-6404-42fc-bdc8-844db5ec844f
internal_request_id,f768b517-32c6-4b6e-8584-60e61ea2ebdd,f768b517-32c6-4b6e-8584-60e61ea2ebdd
internal_request_id,2d047d31-800d-4c9e-baeb-71185ea7c351,2d047d31-800d-4c9e-baeb-71185ea7c351
internal_request_id,4e198123-a636-4528-8be3-362904bd873f,4e198123-a636-4528-8be3-362904bd873f
internal_request_id,92004e5b-771c-4e5c-af10-4634352557e2,92004e5b-771c-4e5c-af10-4634352557e2
internal_request_id,ae40b48a-d634-4261-b424-f7230f8d3030,ae40b48a-d634-4261-b424-f7230f8d3030
internal_request_id,24b85225-2f65-4951-8bac-833f687f72a9,24b85225-2f65-4951-8bac-833f687f72a9
internal_request_id,77d82bcb-bb8c-4cc5-96cb-08f989eab410,77d82bcb-bb8c-4cc5-96cb-08f989eab410
internal_request_id,a71a2e5a-5794-42ee-b1aa-95e87f961c2e,a71a2e5a-5794-42ee-b1aa-95e87f961c2e
internal_request_id,1ded51a8-5d68-4780-8cca-29a2e5511c93,1ded51a8-5d68-4780-8cca-29a2e5511c93
internal_request_id,8874982f-47e0-419d-8253-3ac2d0dbbcc7,8874982f-47e0-419d-8253-3ac2d0dbbcc7
internal_request_id,48570084-3e35-457c-bb40-b22d4a724659,48570084-3e35-457c-bb40-b22d4a724659
internal_request_id,e4b02d9c-cc43-4cac-822c-67c5c2f83b93,e4b02d9c-cc43-4cac-822c-67c5c2f83b93
internal_request_id,84f0b595-4781-4c51-8d6d-bc086b97f13e,84f0b595-4781-4c51-8d6d-bc086b97f13e
internal_request_id,72935c86-683d-4a6e-ba28-7f6eacbdd057,72935c86-683d-4a6e-ba28-7f6eacbdd057
internal_request_id,7d14086f-48dd-4b21-9170-5d9e503089ec,7d14086f-48dd-4b21-9170-5d9e503089ec
internal_request_id,0d4676df-bf2a-42da-b816-013482f24f29,0d4676df-bf2a-42da-b816-013482f24f29
internal_request_id,eaca482c-bd2f-4ba5-bdb0-ad1d7e4fd883,eaca482c-bd2f-4ba5-bdb0-ad1d7e4fd883
internal_request_id,677d1c52-1629-49cf-9b24-b279e1b33c3f,677d1c52-1629-49cf-9b24-b279e1b33c3f
internal_request_id,74a1636e-750b-410f-8c5e-c5a699afa822,74a1636e-750b-410f-8c5e-c5a699afa822
internal_request_id,4161dc35-b532-44b0-a67a-c4a920af7fc4,4161dc35-b532-44b0-a67a-c4a920af7fc4
internal_request_id,a968ffe3-cd97-4f05-b542-36a4618a98e9,a968ffe3-cd97-4f05-b542-36a4618a98e9
internal_request_id,7456da3a-e8b4-493b-bcfd-f612a3999931,7456da3a-e8b4-493b-bcfd-f612a3999931
internal_request_id,16e1b487-3df0-4eca-8060-e3e3b739f4f8,16e1b487-3df0-4eca-8060-e3e3b739f4f8
internal_request_id,a37e84b6-152f-4c15-a555-f1f1bf51656d,a37e84b6-152f-4c15-a555-f1f1bf51656d
internal_request_id,207d4b54-c5ab-4be1-892e-a7d917c36ac9,207d4b54-c5ab-4be1-892e-a7d917c36ac9
internal_request_id,4a302a6a-b937-4752-bc03-cb65a7875fd8,4a302a6a-b937-4752-bc03-cb65a7875fd8
internal_request_id,e759a03f-8565-4869-bfd9-a188968fcbd1,e759a03f-8565-4869-bfd9-a188968fcbd1
internal_request_id,446a29fa-4d45-4945-8977-5d4b3eacf57c,446a29fa-4d45-4945-8977-5d4b3eacf57c
internal_request_id,505b7e64-93c3-4260-970f-cf26bae1e17d,505b7e64-93c3-4260-970f-cf26bae1e17d
internal_request_id,c9f8dbc2-ae15-424a-b992-3b576b4cd07c,c9f8dbc2-ae15-424a-b992-3b576b4cd07c
internal_request_id,7294c028-cfbb-4379-aa3b-3053515dbac6,7294c028-cfbb-4379-aa3b-3053515dbac6
internal_request_id,2c4eb3e3-4b69-4de4-94b8-7650bae689ed,2c4eb3e3-4b69-4de4-94b8-7650bae689ed
internal_request_id,25610126-75fe-441d-9080-d2c5eeb9e450,25610126-75fe-441d-9080-d2c5eeb9e450
internal_request_id,0c460277-bb74-4ef5-a591-c5683e189f97,0c460277-bb74-4ef5-a591-c5683e189f97
internal_request_id,9fe1933c-ac66-45d6-a414-6e44de5b9bd2,9fe1933c-ac66-45d6-a414-6e44de5b9bd2
internal_request_id,b286ee13-da4f-47a7-b079-59583097fdb7,b286ee13-da4f-47a7-b079-59583097fdb7
internal_request_id,1183e82e-09bc-482e-8bca-c75758abcf36,1183e82e-09bc-482e-8bca-c75758abcf36
internal_request_id,851dfd8d-357c-4a0e-87ba-0074612a3bb1,851dfd8d-357c-4a0e-87ba-0074612a3bb1
internal_request_id,e8e986f4-a139-466c-b3c7-011cd7325f57,e8e986f4-a139-466c-b3c7-011cd7325f57
internal_request_id,56c4cd1a-ce03-4cd3-bb2b-e9d24f344a79,56c4cd1a-ce03-4cd3-bb2b-e9d24f344a79
internal_request_id,ff3c778b-c666-4181-817a-c0a93d04ad51,ff3c778b-c666-4181-817a-c0a93d04ad51
internal_request_id,404aefe9-60f3-44b0-b82c-29b315df5d95,404aefe9-60f3-44b0-b82c-29b315df5d95
internal_request_id,843dc6df-f09f-422d-84e8-bf699c4d4e12,843dc6df-f09f-422d-84e8-bf699c4d4e12
internal_request_id,3a4fb7d5-6b29-4aff-87d4-b35ff24ef849,3a4fb7d5-6b29-4aff-87d4-b35ff24ef849
internal_request_id,c787af9f-2ab0-433d-a7b1-a167e747a7f3,c787af9f-2ab0-433d-a7b1-a167e747a7f3
internal_request_id,ea036b3b-ef19-41fc-8586-7351bfa5cd04,ea036b3b-ef19-41fc-8586-7351bfa5cd04
internal_request_id,95f964c2-d62f-4c12-a036-011fcfe2785a,95f964c2-d62f-4c12-a036-011fcfe2785a
internal_request_id,c0f78b91-bef5-4651-b4ca-fb628566571d,c0f78b91-bef5-4651-b4ca-fb628566571d
internal_request_id,9fcf4c54-10f1-4fbd-82d4-7dc7fd8b7d9c,9fcf4c54-10f1-4fbd-82d4-7dc7fd8b7d9c
internal_request_id,56e727fc-d14f-408f-9764-7f7a325fc46e,56e727fc-d14f-408f-9764-7f7a325fc46e
internal_request_id,786b651b-241d-4c46-b9d9-b1017d451e19,786b651b-241d-4c46-b9d9-b1017d451e19
internal_request_id,afd6a506-74b1-4107-8ee9-9ee596b9ab66,afd6a506-74b1-4107-8ee9-9ee596b9ab66
internal_request_id,5fce8785-2e2f-4fb3-b905-1d63273dc3fe,5fce8785-2e2f-4fb3-b905-1d63273dc3fe
internal_request_id,d0b552db-7d80-44da-8d19-cbe1529d4059,d0b552db-7d80-44da-8d19-cbe1529d4059
internal_request_id,9d7a9a01-8972-4f42-9266-2f0c5983d77c,9d7a9a01-8972-4f42-9266-2f0c5983d77c
internal_request_id,aa26e24f-856b-4978-a56d-e080f0837888,aa26e24f-856b-4978-a56d-e080f0837888
internal_request_id,6ad2c7d4-11f9-42df-b6c6-ea595bc339f6,6ad2c7d4-11f9-42df-b6c6-ea595bc339f6
internal_request_id,f2b4eed4-441d-4759-95fd-2470482c8b2d,f2b4eed4-441d-4759-95fd-2470482c8b2d
internal_request_id,466409b1-bc8d-4ad1-8533-5a6221faed06,466409b1-bc8d-4ad1-8533-5a6221faed06
internal_request_id,13dc516c-1df1-4990-847d-20fded1dc19e,13dc516c-1df1-4990-847d-20fded1dc19e
internal_request_id,6c37f1f3-55ab-434c-a9d8-d7aa15081b40,6c37f1f3-55ab-434c-a9d8-d7aa15081b40
internal_request_id,47f88ef4-2c7b-40aa-8e7a-16e1d24ddabf,47f88ef4-2c7b-40aa-8e7a-16e1d24ddabf
internal_request_id,06dd91b6-2e77-447d-8cc6-68b19481ae36,06dd91b6-2e77-447d-8cc6-68b19481ae36
internal_request_id,6be1c4c5-2151-4f24-9ff9-12cb7de10e61,6be1c4c5-2151-4f24-9ff9-12cb7de10e61
internal_request_id,0ee42a79-ffae-4349-83e4-f073da168820,0ee42a79-ffae-4349-83e4-f073da168820
internal_request_id,be8b7d12-d846-4871-a71f-36d8924bb9e7,be8b7d12-d846-4871-a71f-36d8924bb9e7
internal_request_id,fef2af81-fe45-4c87-9f5a-26b5b30f1b8c,fef2af81-fe45-4c87-9f5a-26b5b30f1b8c
internal_request_id,8712efa3-2e58-4f43-b36b-bb724fd05c8a,8712efa3-2e58-4f43-b36b-bb724fd05c8a
internal_request_id,3b5c99c3-b90e-478b-a6a9-c3f334f1ef78,3b5c99c3-b90e-478b-a6a9-c3f334f1ef78
internal_request_id,89ef699a-7be6-4a12-a1a2-1695ed1381b2,89ef699a-7be6-4a12-a1a2-1695ed1381b2
internal_request_id,a4baba0f-b1c9-4eb6-8cea-e095096f4ea8,a4baba0f-b1c9-4eb6-8cea-e095096f4ea8
internal_request_id,bb213bf0-0689-4e0e-b61d-49f772a5ebe9,bb213bf0-0689-4e0e-b61d-49f772a5ebe9
internal_request_id,bdd00e4b-c489-4072-9b8e-5d051b7e9348,bdd00e4b-c489-4072-9b8e-5d051b7e9348
internal_request_id,4574325a-e3d7-49bd-92a2-2fd7893d0527,4574325a-e3d7-49bd-92a2-2fd7893d0527
internal_request_id,7439999c-2534-467a-8f78-0488866de9ab,7439999c-2534-467a-8f78-0488866de9ab
internal_request_id,78c666f7-bf41-453b-9f6e-c7131d399b96,78c666f7-bf41-453b-9f6e-c7131d399b96
internal_request_id,7506913d-ae0b-4654-a95b-4c35283094ce,7506913d-ae0b-4654-a95b-4c35283094ce
internal_request_id,29ed5587-89a7-43d2-b8ba-8d77912e2aeb,29ed5587-89a7-43d2-b8ba-8d77912e2aeb
internal_request_id,7ee59563-4c8d-4376-92e6-165525b724c2,7ee59563-4c8d-4376-92e6-165525b724c2
internal_request_id,203a1305-7009-47ac-8c35-ed56a9d89eae,203a1305-7009-47ac-8c35-ed56a9d89eae
internal_request_id,e2f50081-34cb-4ec5-9753-697960ba7cda,e2f50081-34cb-4ec5-9753-697960ba7cda
internal_request_id,55aec6dd-3a57-4c26-b7f6-f6669e81e994,55aec6dd-3a57-4c26-b7f6-f6669e81e994
internal_request_id,b0e91029-dc57-4da8-a38a-ee9f079cccad,b0e91029-dc57-4da8-a38a-ee9f079cccad
internal_request_id,6192679a-4d96-44e6-a86c-424b7de3f6b2,6192679a-4d96-44e6-a86c-424b7de3f6b2
internal_request_id,2ef2c9a0-24e2-4739-90f0-1bb24ca30432,2ef2c9a0-24e2-4739-90f0-1bb24ca30432
internal_request_id,9a071735-9f5b-44aa-98f4-00b850aff67f,9a071735-9f5b-44aa-98f4-00b850aff67f
internal_request_id,13544ebd-6d08-4b79-8579-4f017327da16,13544ebd-6d08-4b79-8579-4f017327da16
internal_request_id,bd93e837-8bb7-4e6e-bad6-4a4d30e204d1,bd93e837-8bb7-4e6e-bad6-4a4d30e204d1
internal_request_id,3c2ec9a7-62ef-4396-a257-c42e5e11254c,3c2ec9a7-62ef-4396-a257-c42e5e11254c
internal_request_id,de1c295d-0f6c-40c4-b142-bc10d2c1f8a5,de1c295d-0f6c-40c4-b142-bc10d2c1f8a5
internal_request_id,eac1bcf7-1969-43ac-b0a3-ce3650d9227c,eac1bcf7-1969-43ac-b0a3-ce3650d9227c
internal_request_id,329e13d9-5cc4-44df-812b-c0969864730e,329e13d9-5cc4-44df-812b-c0969864730e
internal_request_id,208ad724-a74f-43bf-9221-97b97c87ddae,208ad724-a74f-43bf-9221-97b97c87ddae
internal_request_id,4f01e4f3-27d8-4a6b-94d0-cf0f3a78c4b7,4f01e4f3-27d8-4a6b-94d0-cf0f3a78c4b7
internal_request_id,6c093d79-4b4f-48dc-b9ed-5998b0f454f2,6c093d79-4b4f-48dc-b9ed-5998b0f454f2
internal_request_id,d3aad86e-dca4-4124-aadd-3a25ca08ef5c,d3aad86e-dca4-4124-aadd-3a25ca08ef5c
internal_request_id,cbc2ff2c-91bd-4bd7-8fa9-4f43674de8b7,cbc2ff2c-91bd-4bd7-8fa9-4f43674de8b7
internal_request_id,6231c8ef-913e-49a7-a7cc-62abf23cfeba,6231c8ef-913e-49a7-a7cc-62abf23cfeba
internal_request_id,b39c01be-c2d5-4fee-b1b4-31deee9c5efc,b39c01be-c2d5-4fee-b1b4-31deee9c5efc
internal_request_id,f24d9db8-5a3d-4f10-9854-f5022ab51fe9,f24d9db8-5a3d-4f10-9854-f5022ab51fe9
internal_request_id,41bfd37f-05ee-4954-aa68-051ccfae5c5e,41bfd37f-05ee-4954-aa68-051ccfae5c5e
internal_request_id,acdd7c67-1697-491e-994a-99e5f4645851,acdd7c67-1697-491e-994a-99e5f4645851
internal_request_id,cf7956a1-6d63-48b0-bbc8-f824c2d62e49,cf7956a1-6d63-48b0-bbc8-f824c2d62e49
internal_request_id,958b0126-ac15-435e-a5ad-cf824b016a53,958b0126-ac15-435e-a5ad-cf824b016a53
internal_request_id,46ca338d-b89f-4f05-b694-f69304b203c5,46ca338d-b89f-4f05-b694-f69304b203c5
internal_request_id,d60bedff-18e6-4750-8eb6-4f29c15ff347,d60bedff-18e6-4750-8eb6-4f29c15ff347
internal_request_id,9ba3dfdf-151e-4269-8bcc-5b916db863a4,9ba3dfdf-151e-4269-8bcc-5b916db863a4
internal_request_id,b1dd3ab7-7ed4-4235-a127-df4e2328938a,b1dd3ab7-7ed4-4235-a127-df4e2328938a
internal_request_id,e7b20018-93f0-4f5d-a8e9-f30698b91827,e7b20018-93f0-4f5d-a8e9-f30698b91827
internal_request_id,de23b4af-f306-40fd-b9e1-fe15c9f37cbe,de23b4af-f306-40fd-b9e1-fe15c9f37cbe
internal_request_id,3cfa5027-732c-4708-8f4c-2a8805c30b9d,3cfa5027-732c-4708-8f4c-2a8805c30b9d
internal_request_id,6b240cca-dad4-41a3-afae-8cf0dc98ae47,6b240cca-dad4-41a3-afae-8cf0dc98ae47
internal_request_id,b01449bf-cfb7-4f62-9677-2f76e5f30370,b01449bf-cfb7-4f62-9677-2f76e5f30370
internal_request_id,11210131-bfb2-4ffd-aade-50cbd862ac4f,11210131-bfb2-4ffd-aade-50cbd862ac4f
internal_request_id,00af4dd6-419a-41e3-b2a7-046e9e2b0e7e,00af4dd6-419a-41e3-b2a7-046e9e2b0e7e
internal_request_id,713e27cb-357e-495d-91cc-95c2d82ed36a,713e27cb-357e-495d-91cc-95c2d82ed36a
internal_request_id,b57109f9-634a-4ca7-bc26-08d010281211,b57109f9-634a-4ca7-bc26-08d010281211
internal_request_id,c6ac04da-0916-4a7a-a688-08c378f414b9,c6ac04da-0916-4a7a-a688-08c378f414b9
internal_request_id,46b7b8fc-83ff-4333-aa41-586a97b2c5aa,46b7b8fc-83ff-4333-aa41-586a97b2c5aa
internal_request_id,37bafc71-b94b-4edf-88c2-a653f695cb65,37bafc71-b94b-4edf-88c2-a653f695cb65
internal_request_id,8cdc7d7e-9d92-448f-b0eb-c9b6a1118a59,8cdc7d7e-9d92-448f-b0eb-c9b6a1118a59
internal_request_id,ce7f1b3c-0ff9-4f13-8cfe-db6081dd3ece,ce7f1b3c-0ff9-4f13-8cfe-db6081dd3ece
internal_request_id,15c5b285-1974-411c-a257-b2a7e14b6eb1,15c5b285-1974-411c-a257-b2a7e14b6eb1
internal_request_id,4429836f-787e-4340-84cf-a477bc695c63,4429836f-787e-4340-84cf-a477bc695c63
internal_request_id,a335c235-16b5-4951-ba74-9bcaad91cdeb,a335c235-16b5-4951-ba74-9bcaad91cdeb
internal_request_id,1743dc5e-f4f0-4c3d-bf3e-d2ef3f2adc73,1743dc5e-f4f0-4c3d-bf3e-d2ef3f2adc73
internal_request_id,4345ca02-372a-4f66-aa56-b4bf618049d8,4345ca02-372a-4f66-aa56-b4bf618049d8
internal_request_id,b58d8a3b-93e4-4dac-be47-315a40061b03,b58d8a3b-93e4-4dac-be47-315a40061b03
internal_request_id,a79293af-852c-4424-8d7f-39dd46d6c08c,a79293af-852c-4424-8d7f-39dd46d6c08c
internal_request_id,de07209c-e2c7-4460-9619-c4ff06484f04,de07209c-e2c7-4460-9619-c4ff06484f04
internal_request_id,ccc13181-a0c2-47ea-a69b-37804ef06d2c,ccc13181-a0c2-47ea-a69b-37804ef06d2c
internal_request_id,92d07cad-b947-4c75-a505-bca8487a04f0,92d07cad-b947-4c75-a505-bca8487a04f0
internal_request_id,ced5a0a8-fe1e-4ea1-b786-76fb426d7c34,ced5a0a8-fe1e-4ea1-b786-76fb426d7c34
internal_request_id,c619c716-1a52-41f7-8838-239fe5e6f400,c619c716-1a52-41f7-8838-239fe5e6f400
internal_request_id,ac73c344-70ed-4d4d-bb25-01d053c9bde5,ac73c344-70ed-4d4d-bb25-01d053c9bde5
internal_request_id,a652fa69-8915-4c20-b96c-494a6bd9f97d,a652fa69-8915-4c20-b96c-494a6bd9f97d
internal_request_id,9259efb3-8163-457c-a056-ea8f0412c38c,9259efb3-8163-457c-a056-ea8f0412c38c
internal_request_id,039e96bc-b133-40f9-ad5b-33a4f2fd46a7,039e96bc-b133-40f9-ad5b-33a4f2fd46a7
internal_request_id,ad372fb9-7cb0-40b4-a412-74e87235fd40,ad372fb9-7cb0-40b4-a412-74e87235fd40
internal_request_id,5f446be9-56da-4bd2-9316-a8e33bc0b15e,5f446be9-56da-4bd2-9316-a8e33bc0b15e
internal_request_id,96812a61-7ab9-4c7d-b373-fa8b92a8c154,96812a61-7ab9-4c7d-b373-fa8b92a8c154
internal_request_id,6dae70f8-0e8d-4606-8ce4-e18d0377c32f,6dae70f8-0e8d-4606-8ce4-e18d0377c32f
internal_request_id,d4eba3e6-77a7-49c5-8848-8a5856185c6f,d4eba3e6-77a7-49c5-8848-8a5856185c6f
internal_request_id,b51e7bec-54e1-4a43-ab23-d6e13fea5bbf,b51e7bec-54e1-4a43-ab23-d6e13fea5bbf
internal_request_id,fd163ccb-e054-4fab-a9e1-893e61cd7300,fd163ccb-e054-4fab-a9e1-893e61cd7300
internal_request_id,409c43bc-7218-4bb0-86bb-7dcc2016178b,409c43bc-7218-4bb0-86bb-7dcc2016178b
internal_request_id,160125c1-3d39-44e2-9748-22d1f1bb9e89,160125c1-3d39-44e2-9748-22d1f1bb9e89
internal_request_id,342b3d81-48e3-4aac-88d7-a7f61fc22513,342b3d81-48e3-4aac-88d7-a7f61fc22513
internal_request_id,a73d797b-914f-4bc0-9064-730214d0404d,a73d797b-914f-4bc0-9064-730214d0404d
internal_request_id,6b3cfb7a-cd89-4523-b15d-203efd2beaef,6b3cfb7a-cd89-4523-b15d-203efd2beaef
internal_request_id,c743ab14-1e42-4aa4-be20-21c655d5e6f7,c743ab14-1e42-4aa4-be20-21c655d5e6f7
internal_request_id,95a90b20-5c58-4f08-afa3-bf8deb785f09,95a90b20-5c58-4f08-afa3-bf8deb785f09
internal_request_id,9f63cde7-e47c-4fdc-b56e-2c19573d50e5,9f63cde7-e47c-4fdc-b56e-2c19573d50e5
internal_request_id,8f343949-37a5-4cec-ab3d-d229a92957db,8f343949-37a5-4cec-ab3d-d229a92957db
internal_request_id,a0d80bf8-7b0b-4924-a11f-d12d318f991c,a0d80bf8-7b0b-4924-a11f-d12d318f991c
internal_request_id,56e27670-70f6-4fcc-9921-7d2c3ce75a91,56e27670-70f6-4fcc-9921-7d2c3ce75a91
internal_request_id,95d09f86-aa0d-49bf-96d7-7f3c447dd590,95d09f86-aa0d-49bf-96d7-7f3c447dd590
internal_request_id,291d23e8-c5b5-4e10-a50b-80fc032b8c80,291d23e8-c5b5-4e10-a50b-80fc032b8c80
internal_request_id,d5bdff5c-ae6c-4ea3-8920-d626590677df,d5bdff5c-ae6c-4ea3-8920-d626590677df
internal_request_id,1caff076-e6e8-4de6-a348-3e3de35f1a46,1caff076-e6e8-4de6-a348-3e3de35f1a46
internal_request_id,90729165-e4f4-4f55-9409-f96bf873b839,90729165-e4f4-4f55-9409-f96bf873b839
internal_request_id,a96df7d9-e894-4f31-b28f-ca4ddf0b2920,a96df7d9-e894-4f31-b28f-ca4ddf0b2920
internal_request_id,6fea8870-9ff7-4c2f-b181-66992a83a3ef,6fea8870-9ff7-4c2f-b181-66992a83a3ef
internal_request_id,89af4841-99cb-463c-9aab-c606ab0de40a,89af4841-99cb-463c-9aab-c606ab0de40a
internal_request_id,723d9896-9811-40a0-bcb1-c15fc5f674ba,723d9896-9811-40a0-bcb1-c15fc5f674ba
internal_request_id,b0304cfe-b9b8-4441-b88d-70dbfdc80d7c,b0304cfe-b9b8-4441-b88d-70dbfdc80d7c
internal_request_id,f5c14c5e-aaf5-4a11-ae26-da9aea2e1549,f5c14c5e-aaf5-4a11-ae26-da9aea2e1549
internal_request_id,37048964-b677-4418-8b7b-a4afb91e3563,37048964-b677-4418-8b7b-a4afb91e3563
internal_request_id,2764b785-b601-4098-9e6b-49638eee2193,2764b785-b601-4098-9e6b-49638eee2193
internal_request_id,af407048-4166-42a3-aa55-42b24400d460,af407048-4166-42a3-aa55-42b24400d460
internal_request_id,12116aae-38f6-41d5-af5f-f27d223d6e29,12116aae-38f6-41d5-af5f-f27d223d6e29
internal_request_id,e752d3d3-8d0a-491a-ab92-949fd22e3eb6,e752d3d3-8d0a-491a-ab92-949fd22e3eb6
internal_request_id,ee6704b4-0cdf-4eab-a2e1-54f729a3cea1,ee6704b4-0cdf-4eab-a2e1-54f729a3cea1
internal_request_id,8d0a04a8-1146-4d3b-bf28-e6ddc7c1d9de,8d0a04a8-1146-4d3b-bf28-e6ddc7c1d9de
internal_request_id,06031593-5bd2-4173-ab35-1b2a1eeef9e2,06031593-5bd2-4173-ab35-1b2a1eeef9e2
internal_request_id,1e4cce82-2924-428d-9e19-0e121c6389e4,1e4cce82-2924-428d-9e19-0e121c6389e4
internal_request_id,6074094c-2b7f-4d25-b03f-0a8a19800183,6074094c-2b7f-4d25-b03f-0a8a19800183
internal_request_id,1f7ed5a5-f305-40aa-a600-26377e53441f,1f7ed5a5-f305-40aa-a600-26377e53441f
internal_request_id,8694dd43-01b7-42cc-8006-2cc8be0247ef,8694dd43-01b7-42cc-8006-2cc8be0247ef
internal_request_id,cfa818a3-73b5-4c5f-bb82-3005394384bd,cfa818a3-73b5-4c5f-bb82-3005394384bd
internal_request_id,99fe2203-df8e-4fee-ab88-c86a52482756,99fe2203-df8e-4fee-ab88-c86a52482756
internal_request_id,9b23027a-4024-4a2b-b791-0fc9061fdc0a,9b23027a-4024-4a2b-b791-0fc9061fdc0a
internal_request_id,ac35ec0a-b364-4237-9b88-861a8c2ce6f7,ac35ec0a-b364-4237-9b88-861a8c2ce6f7
internal_request_id,8d8b22c8-2c03-42ba-8584-cef1347a11fe,8d8b22c8-2c03-42ba-8584-cef1347a11fe
internal_request_id,bfd35c16-0b52-4c31-b732-8c53e9414776,bfd35c16-0b52-4c31-b732-8c53e9414776
internal_request_id,f4eb3a29-cc46-47d0-90ab-823be35a61ad,f4eb3a29-cc46-47d0-90ab-823be35a61ad
internal_request_id,d4e62c0d-fc37-4bf1-bd1c-884f35121789,d4e62c0d-fc37-4bf1-bd1c-884f35121789
internal_request_id,7233bb16-bcf4-4ca8-9841-0e46683fb961,7233bb16-bcf4-4ca8-9841-0e46683fb961
internal_request_id,19b13987-6043-49a9-83b9-d08ffae57dad,19b13987-6043-49a9-83b9-d08ffae57dad
internal_request_id,ebd44702-70c6-49ed-a760-f41bf85c34fb,ebd44702-70c6-49ed-a760-f41bf85c34fb
internal_request_id,9ece3669-ae35-4094-b7c0-65bbf5ee20b3,9ece3669-ae35-4094-b7c0-65bbf5ee20b3
internal_request_id,50933dac-f85c-4fc9-b133-33fbd78d6413,50933dac-f85c-4fc9-b133-33fbd78d6413
internal_request_id,ef5f170d-7dd3-4270-a696-7f4fd42828c2,ef5f170d-7dd3-4270-a696-7f4fd42828c2
internal_request_id,4cb4f306-42c2-426d-92b9-4d6d6cf9b715,4cb4f306-42c2-426d-92b9-4d6d6cf9b715
internal_request_id,794e8ebe-879f-4976-9b52-98831e548134,794e8ebe-879f-4976-9b52-98831e548134
internal_request_id,06ac2b9e-9150-44f0-a957-764ba25d97ce,06ac2b9e-9150-44f0-a957-764ba25d97ce
internal_request_id,4c7830f4-e8e8-4abb-8018-d8c2609eaedb,4c7830f4-e8e8-4abb-8018-d8c2609eaedb
internal_request_id,9129bdb7-ea55-41e6-9883-d1672c66e8c6,9129bdb7-ea55-41e6-9883-d1672c66e8c6
internal_request_id,5358c5ff-9b6b-488f-ae71-242c399030ba,5358c5ff-9b6b-488f-ae71-242c399030ba
internal_request_id,55648c54-0703-413b-bf1d-93e59e9c5c19,55648c54-0703-413b-bf1d-93e59e9c5c19
internal_request_id,77aca872-a9bd-48af-8cd6-2e94c4cd9d81,77aca872-a9bd-48af-8cd6-2e94c4cd9d81
internal_request_id,2debcafb-b175-4b4c-86f3-a72e288aac0c,2debcafb-b175-4b4c-86f3-a72e288aac0c
internal_request_id,d322054d-2272-4f31-9d83-865458331fd8,d322054d-2272-4f31-9d83-865458331fd8
internal_request_id,25b90e0c-db46-4b60-8376-d4ba680b72a3,25b90e0c-db46-4b60-8376-d4ba680b72a3
internal_request_id,93b8cc17-ab73-4e10-9e36-9b13a13d6a28,93b8cc17-ab73-4e10-9e36-9b13a13d6a28
internal_request_id,361d983d-0844-4e13-bccc-7bf94375dd05,361d983d-0844-4e13-bccc-7bf94375dd05
internal_request_id,225b00ad-ef26-434a-b306-41efae1589e5,225b00ad-ef26-434a-b306-41efae1589e5
internal_request_id,0e368af9-b17c-449b-8459-37386702ffa5,0e368af9-b17c-449b-8459-37386702ffa5
internal_request_id,609bb7b8-1074-41c6-856f-09f97a5577b4,609bb7b8-1074-41c6-856f-09f97a5577b4
internal_request_id,370db469-e1c8-47aa-a6d8-b8ca51db0172,370db469-e1c8-47aa-a6d8-b8ca51db0172
internal_request_id,5ea9c13d-7c5e-4a23-9275-81dc50425522,5ea9c13d-7c5e-4a23-9275-81dc50425522
internal_request_id,48c0ded0-839d-4d74-aeae-3e30e200ca59,48c0ded0-839d-4d74-aeae-3e30e200ca59
internal_request_id,bc235f10-5287-4c60-9955-f04dfb112a57,bc235f10-5287-4c60-9955-f04dfb112a57
internal_request_id,3cdd953e-e36c-4765-90c9-51421f9e67fa,3cdd953e-e36c-4765-90c9-51421f9e67fa
internal_request_id,814dd1d0-442d-49d9-9b9d-3743f856556e,814dd1d0-442d-49d9-9b9d-3743f856556e
internal_request_id,02477b92-07b2-410b-8851-071f38382547,02477b92-07b2-410b-8851-071f38382547
internal_request_id,0158099b-6c0d-4b79-b006-26818c4265e4,0158099b-6c0d-4b79-b006-26818c4265e4
internal_request_id,3655fdde-3683-47b0-8cd6-dd4da477ee3a,3655fdde-3683-47b0-8cd6-dd4da477ee3a
internal_request_id,fc3ea346-322a-434d-bcc5-c04e474e9859,fc3ea346-322a-434d-bcc5-c04e474e9859
internal_request_id,d4ddd4b0-d22b-4db1-93e2-a59f3b03cec5,d4ddd4b0-d22b-4db1-93e2-a59f3b03cec5
internal_request_id,1dfa6767-7dfd-4a1f-a7d3-5220526fb4a0,1dfa6767-7dfd-4a1f-a7d3-5220526fb4a0
internal_request_id,90bc487a-9ec3-45bf-a35e-5c251aaf1785,90bc487a-9ec3-45bf-a35e-5c251aaf1785
internal_request_id,5d335815-f7fc-4d23-9a80-b041ac35bbea,5d335815-f7fc-4d23-9a80-b041ac35bbea
internal_request_id,e964f16e-73a7-46ae-a971-abaac793038b,e964f16e-73a7-46ae-a971-abaac793038b
internal_request_id,80effae3-5627-4c5f-887a-725e4f29fa8d,80effae3-5627-4c5f-887a-725e4f29fa8d
internal_request_id,93d23d03-0904-4e51-89c8-60371cef6468,93d23d03-0904-4e51-89c8-60371cef6468
internal_request_id,2392258f-5912-42e1-bae6-611baadaf535,2392258f-5912-42e1-bae6-611baadaf535
internal_request_id,90cbc919-484b-4d11-8516-c4f758f2a480,90cbc919-484b-4d11-8516-c4f758f2a480
internal_request_id,1e7c02b1-61da-4997-8c86-9ade1b9e41bb,1e7c02b1-61da-4997-8c86-9ade1b9e41bb
internal_request_id,07c0f4c0-2e3a-40e7-a62c-6b2539aadbf1,07c0f4c0-2e3a-40e7-a62c-6b2539aadbf1
internal_request_id,406e48fe-f1ba-4c5c-ba41-e3953726f3f7,406e48fe-f1ba-4c5c-ba41-e3953726f3f7
internal_request_id,187f7066-9e0f-4445-b558-fe7a24ce4095,187f7066-9e0f-4445-b558-fe7a24ce4095
internal_request_id,ab0b06a3-3bc4-4ac7-b8b3-c9897469512b,ab0b06a3-3bc4-4ac7-b8b3-c9897469512b
internal_request_id,5ac77b2d-ab69-49ae-a904-89ef006a6965,5ac77b2d-ab69-49ae-a904-89ef006a6965
internal_request_id,32bb45fe-10c3-479e-ab55-b6203affcb87,32bb45fe-10c3-479e-ab55-b6203affcb87
internal_request_id,976f7eac-f1e0-4c53-bbf1-4c6a7a869a32,976f7eac-f1e0-4c53-bbf1-4c6a7a869a32
internal_request_id,3e81dbf6-7353-4a53-a2d7-c4b7c14388a5,3e81dbf6-7353-4a53-a2d7-c4b7c14388a5
internal_request_id,09e0cc60-0d2d-4d52-976f-2328f5f3b115,09e0cc60-0d2d-4d52-976f-2328f5f3b115
internal_request_id,bbacdac1-fb08-4092-b105-715c13888389,bbacdac1-fb08-4092-b105-715c13888389
internal_request_id,560d0084-0bbf-4b6f-bfd9-15a1d7788d5a,560d0084-0bbf-4b6f-bfd9-15a1d7788d5a
internal_request_id,4d3d91b7-55b5-493b-8e04-f3e1afe599f1,4d3d91b7-55b5-493b-8e04-f3e1afe599f1
internal_request_id,1e02cc1d-f5ce-45bc-90ba-c4b835223d7c,1e02cc1d-f5ce-45bc-90ba-c4b835223d7c
internal_request_id,71dc5431-1edc-4820-93e2-26dac190e01e,71dc5431-1edc-4820-93e2-26dac190e01e
internal_request_id,09ff161c-a32e-4606-b57c-94b6d04ba34b,09ff161c-a32e-4606-b57c-94b6d04ba34b
internal_request_id,bceef1fd-56e8-449a-8a82-43d3418702b9,bceef1fd-56e8-449a-8a82-43d3418702b9
internal_request_id,bf97c210-8f12-419e-89aa-84e93bc78bd5,bf97c210-8f12-419e-89aa-84e93bc78bd5
internal_request_id,1a4c3ae5-fb50-4d9e-8063-c6c25555ac0d,1a4c3ae5-fb50-4d9e-8063-c6c25555ac0d
internal_request_id,fc91d582-3994-4be6-a3ce-c51a05569c23,fc91d582-3994-4be6-a3ce-c51a05569c23
internal_request_id,b34881b0-2d08-49ee-9584-740c38b5e962,b34881b0-2d08-49ee-9584-740c38b5e962
internal_request_id,c1542817-e99d-4847-aa5d-2035a70aff8c,c1542817-e99d-4847-aa5d-2035a70aff8c
internal_request_id,5abcfe66-1907-40f5-8fa7-3ebef1570119,5abcfe66-1907-40f5-8fa7-3ebef1570119
internal_request_id,9e582d8d-b3ce-40e5-a098-8f8a19e84647,9e582d8d-b3ce-40e5-a098-8f8a19e84647
internal_request_id,a32a2e69-a672-4352-bfa8-58947deaaeda,a32a2e69-a672-4352-bfa8-58947deaaeda
internal_request_id,593f9685-8fa2-4ea4-b7bb-bf48c9ae20a7,593f9685-8fa2-4ea4-b7bb-bf48c9ae20a7
internal_request_id,e967f465-502f-492f-b862-e63edc40a815,e967f465-502f-492f-b862-e63edc40a815
internal_request_id,28a7c4b8-235a-4203-a658-abcd1ecdd0f0,28a7c4b8-235a-4203-a658-abcd1ecdd0f0
internal_request_id,3310dee5-8c10-4b56-86b3-85f61d4fc4e7,3310dee5-8c10-4b56-86b3-85f61d4fc4e7
internal_request_id,45f414ad-9502-4a63-91f7-c8101e5dceeb,45f414ad-9502-4a63-91f7-c8101e5dceeb
internal_request_id,2fc6eab0-69ae-495e-8420-02f0f56c3ba9,2fc6eab0-69ae-495e-8420-02f0f56c3ba9
internal_request_id,2f108cf1-3fc7-437f-82b3-f29de80a2dc4,2f108cf1-3fc7-437f-82b3-f29de80a2dc4
internal_request_id,25c582f9-fd43-475d-bc0b-324f0c897ac9,25c582f9-fd43-475d-bc0b-324f0c897ac9
internal_request_id,60b9cb07-e83d-411d-8fb7-65827d7cd719,60b9cb07-e83d-411d-8fb7-65827d7cd719
internal_request_id,6a4fe8a0-3ba5-4c67-9803-684029ac07eb,6a4fe8a0-3ba5-4c67-9803-684029ac07eb
internal_request_id,9d078dd2-3bb0-4a1a-a543-09579857c061,9d078dd2-3bb0-4a1a-a543-09579857c061
internal_request_id,4a135cb1-a665-4979-b8ed-5dcd981f91d3,4a135cb1-a665-4979-b8ed-5dcd981f91d3
internal_request_id,274171c2-98de-48dd-b117-e050ea209df9,274171c2-98de-48dd-b117-e050ea209df9
internal_request_id,f2e1c1e1-0154-4155-b885-336580e451c7,f2e1c1e1-0154-4155-b885-336580e451c7
internal_request_id,df38ca6d-037f-4376-a2f9-ecd8e5978b31,df38ca6d-037f-4376-a2f9-ecd8e5978b31
internal_request_id,aeebb833-6f23-4ec7-9e3c-46eea348e760,aeebb833-6f23-4ec7-9e3c-46eea348e760
internal_request_id,23073766-e58a-4f08-8984-253fa91a743b,23073766-e58a-4f08-8984-253fa91a743b
internal_request_id,f15cb54c-d462-41e4-9e55-3a8b8c3eb025,f15cb54c-d462-41e4-9e55-3a8b8c3eb025
internal_request_id,de6c4b37-4600-437c-8a4e-038369313cde,de6c4b37-4600-437c-8a4e-038369313cde
internal_request_id,d7e771e7-72f3-4392-962d-f4c260baec00,d7e771e7-72f3-4392-962d-f4c260baec00
internal_request_id,cd6b7dc1-5a8f-4ab9-a8b0-2c9ecb85fe4e,cd6b7dc1-5a8f-4ab9-a8b0-2c9ecb85fe4e
internal_request_id,b1a15288-672b-4224-b3b6-b3f91a290a21,b1a15288-672b-4224-b3b6-b3f91a290a21
internal_request_id,68ecc932-4df3-4421-b9a8-6480281040af,68ecc932-4df3-4421-b9a8-6480281040af
internal_request_id,34860884-be91-4952-8075-e88441f4da54,34860884-be91-4952-8075-e88441f4da54
internal_request_id,c8af5b3d-bee8-4cbd-ada0-72e2116dcff6,c8af5b3d-bee8-4cbd-ada0-72e2116dcff6
internal_request_id,297643ce-5494-4237-a830-d930f7c0330c,297643ce-5494-4237-a830-d930f7c0330c
internal_request_id,7c4f7fb0-b80f-4449-9204-6cbd13a40d2e,7c4f7fb0-b80f-4449-9204-6cbd13a40d2e
internal_request_id,f0a2eae9-2d80-42bb-a193-719ea416aead,f0a2eae9-2d80-42bb-a193-719ea416aead
internal_request_id,3dd5811c-6255-4a1b-90d9-00542d20f206,3dd5811c-6255-4a1b-90d9-00542d20f206
internal_request_id,62023db1-14ea-47ce-bc73-ce950265b16a,62023db1-14ea-47ce-bc73-ce950265b16a
internal_request_id,c1b6a47c-0429-4eeb-bb49-ab28ddc6375d,c1b6a47c-0429-4eeb-bb49-ab28ddc6375d
internal_request_id,00061150-9005-47fe-8e01-a6f545422d7f,00061150-9005-47fe-8e01-a6f545422d7f
internal_request_id,677710b0-57d2-4691-9349-850a6ee9aec2,677710b0-57d2-4691-9349-850a6ee9aec2
internal_request_id,29e6fb33-c7e5-4ac3-b090-9ddbd2e3cdb3,29e6fb33-c7e5-4ac3-b090-9ddbd2e3cdb3
internal_request_id,4a6c74c4-c5f6-41ff-90c8-82cca80bb5e7,4a6c74c4-c5f6-41ff-90c8-82cca80bb5e7
internal_request_id,eb323dae-fbe1-45d0-93e2-c9ad18946c2b,eb323dae-fbe1-45d0-93e2-c9ad18946c2b
internal_request_id,7f7b7d29-ff85-4ff1-b02a-e932a5edc8f3,7f7b7d29-ff85-4ff1-b02a-e932a5edc8f3
internal_request_id,ec18546d-30fc-4e76-bf05-93165bb591c7,ec18546d-30fc-4e76-bf05-93165bb591c7
internal_request_id,92b4d021-2dd5-4abb-b07b-fbda416521f3,92b4d021-2dd5-4abb-b07b-fbda416521f3
internal_request_id,b1efccc0-9b23-415c-8e45-457c2b45f93f,b1efccc0-9b23-415c-8e45-457c2b45f93f
internal_request_id,186459fb-f776-4740-a805-e7dd7451ad79,186459fb-f776-4740-a805-e7dd7451ad79
internal_request_id,f8963de6-4168-49fa-a6f3-064feafbae8a,f8963de6-4168-49fa-a6f3-064feafbae8a
internal_request_id,944e00b1-564b-4bf4-a9cf-f2350d39df74,944e00b1-564b-4bf4-a9cf-f2350d39df74
internal_request_id,ed71217e-a25f-4d0d-b555-3d35a316d404,ed71217e-a25f-4d0d-b555-3d35a316d404
internal_request_id,45a463cf-b3ce-4f80-8bea-5db50834fb45,45a463cf-b3ce-4f80-8bea-5db50834fb45
internal_request_id,2c389ad0-5649-4b24-8043-aa83faae69d8,2c389ad0-5649-4b24-8043-aa83faae69d8
internal_request_id,615a1fc6-2ee3-413e-8424-9d340951e163,615a1fc6-2ee3-413e-8424-9d340951e163
internal_request_id,df2e8972-eeb2-48a7-91b6-67624ecc4267,df2e8972-eeb2-48a7-91b6-67624ecc4267
internal_request_id,d5dedbde-a9c6-463f-9919-76d8c23308c8,d5dedbde-a9c6-463f-9919-76d8c23308c8
internal_request_id,71283312-2f67-4261-a1bb-602464c578ee,71283312-2f67-4261-a1bb-602464c578ee
internal_request_id,1b1bd24b-eb61-40ec-b704-c76cfc674dfe,1b1bd24b-eb61-40ec-b704-c76cfc674dfe
internal_request_id,495a5606-b5a7-4fef-9120-9063cc841ca3,495a5606-b5a7-4fef-9120-9063cc841ca3
internal_request_id,d3d690bf-ae86-41c1-ad87-50b964f3f577,d3d690bf-ae86-41c1-ad87-50b964f3f577
internal_request_id,f2f9700b-6253-4ad6-8c3f-349f1221e5d1,f2f9700b-6253-4ad6-8c3f-349f1221e5d1
internal_request_id,029c5bf5-31f1-47e5-a62c-aa3397b9aac1,029c5bf5-31f1-47e5-a62c-aa3397b9aac1
internal_request_id,7782f4e2-2392-4507-8a0c-ad9ddf64432c,7782f4e2-2392-4507-8a0c-ad9ddf64432c
internal_request_id,06f6a095-be4a-4f1b-9997-7f1dec2287ef,06f6a095-be4a-4f1b-9997-7f1dec2287ef
internal_request_id,b790ce74-b74b-4e34-909e-5f27bb3a29b9,b790ce74-b74b-4e34-909e-5f27bb3a29b9
internal_request_id,027d5078-077d-4557-af26-ce96b07d418b,027d5078-077d-4557-af26-ce96b07d418b
internal_request_id,bdf5e115-3aa5-45ff-b1ec-53c94b00935e,bdf5e115-3aa5-45ff-b1ec-53c94b00935e
internal_request_id,12afc2e4-34f6-41b0-bb2f-071e7e94f2b0,12afc2e4-34f6-41b0-bb2f-071e7e94f2b0
internal_request_id,c1be7d83-756e-447d-b221-25d465e38d96,c1be7d83-756e-447d-b221-25d465e38d96
internal_request_id,f98bec7f-ae7c-445c-8452-f15f815c524a,f98bec7f-ae7c-445c-8452-f15f815c524a
internal_request_id,f7a98edf-9a5e-4ee5-8975-6dfb73e55ca3,f7a98edf-9a5e-4ee5-8975-6dfb73e55ca3
internal_request_id,90e5a548-ef89-4f0d-bfef-9f6892ae2d22,90e5a548-ef89-4f0d-bfef-9f6892ae2d22
internal_request_id,a84c6b9d-f470-4e98-ba2d-74a994c5464f,a84c6b9d-f470-4e98-ba2d-74a994c5464f
internal_request_id,a406d06a-6802-443c-a023-89aaee53835e,a406d06a-6802-443c-a023-89aaee53835e
internal_request_id,7e415ec4-9941-44ab-be87-721d92307aff,7e415ec4-9941-44ab-be87-721d92307aff
internal_request_id,207354a1-bf03-46ba-b3ba-100c45958009,207354a1-bf03-46ba-b3ba-100c45958009
internal_request_id,25f232ca-7bda-4abc-929d-0917482fdf98,25f232ca-7bda-4abc-929d-0917482fdf98
internal_request_id,b74efd74-65cd-488e-abbb-748fa678854f,b74efd74-65cd-488e-abbb-748fa678854f
internal_request_id,435b8803-111c-4b9b-ad2c-87afadf13e1d,435b8803-111c-4b9b-ad2c-87afadf13e1d
internal_request_id,c7740f33-4f78-4616-9546-b0d9ed95338b,c7740f33-4f78-4616-9546-b0d9ed95338b
internal_request_id,d14306be-dd63-4572-9ca0-9f1d71248beb,d14306be-dd63-4572-9ca0-9f1d71248beb
internal_request_id,eeb2b214-ed8e-4318-b8dd-9041301d89b3,eeb2b214-ed8e-4318-b8dd-9041301d89b3
internal_request_id,0a3027ff-a524-40a6-bb6d-90a6ad21b032,0a3027ff-a524-40a6-bb6d-90a6ad21b032
internal_request_id,602b371b-be59-476d-a533-f44c6158137f,602b371b-be59-476d-a533-f44c6158137f
internal_request_id,e436b0a3-0e4c-4c75-a2fc-d0f1dbe73e7b,e436b0a3-0e4c-4c75-a2fc-d0f1dbe73e7b
internal_request_id,af354e00-c2a7-46c8-95de-e6cb01e7a4a7,af354e00-c2a7-46c8-95de-e6cb01e7a4a7
internal_request_id,3c09b97d-1bc7-41fd-9798-7ed44bdd3aae,3c09b97d-1bc7-41fd-9798-7ed44bdd3aae
internal_request_id,4b06ffd8-89ac-40ff-a255-c51d0da5a55e,4b06ffd8-89ac-40ff-a255-c51d0da5a55e
internal_request_id,d11efa54-0fc7-4d9e-b314-50ac76a4c21b,d11efa54-0fc7-4d9e-b314-50ac76a4c21b
internal_request_id,3d0b5110-f30a-43ab-bd9b-72a623307d6c,3d0b5110-f30a-43ab-bd9b-72a623307d6c
internal_request_id,736801c8-b0f3-4bd9-914f-ba5e6ed14477,736801c8-b0f3-4bd9-914f-ba5e6ed14477
internal_request_id,1fde3529-64d0-46da-99c7-2e265d007991,1fde3529-64d0-46da-99c7-2e265d007991
internal_request_id,9593652d-dfd5-450c-8c66-6905eb2b9f3f,9593652d-dfd5-450c-8c66-6905eb2b9f3f
internal_request_id,0d469ccb-be12-4f18-b649-1ec94a51573c,0d469ccb-be12-4f18-b649-1ec94a51573c
internal_request_id,dc192f79-8ad4-49aa-b691-d8b4c452e82d,dc192f79-8ad4-49aa-b691-d8b4c452e82d
internal_request_id,c4ff8cd4-b250-465a-b057-c2a6061f6a33,c4ff8cd4-b250-465a-b057-c2a6061f6a33
internal_request_id,908e3721-2fb6-4f11-b1a5-5bc7df80e2e0,908e3721-2fb6-4f11-b1a5-5bc7df80e2e0
internal_request_id,3a0e7a3c-bae1-4b94-8f12-4b14b344577b,3a0e7a3c-bae1-4b94-8f12-4b14b344577b
internal_request_id,e2c121dc-044b-43ce-bab0-a484a244d309,e2c121dc-044b-43ce-bab0-a484a244d309
internal_request_id,037e6a62-b8c9-419c-a5d7-4a75b29540d7,037e6a62-b8c9-419c-a5d7-4a75b29540d7
internal_request_id,507515d7-693d-4f32-94e3-36eff66b6b35,507515d7-693d-4f32-94e3-36eff66b6b35
internal_request_id,0387b127-a8a0-4112-99ea-eacf21bd0f92,0387b127-a8a0-4112-99ea-eacf21bd0f92
internal_request_id,6d61d5c6-65c1-4314-aad3-04fa3486f827,6d61d5c6-65c1-4314-aad3-04fa3486f827
internal_request_id,03b3d4ce-359d-40b0-995f-1b9bdd6969a8,03b3d4ce-359d-40b0-995f-1b9bdd6969a8
internal_request_id,f8f654fc-9c53-4277-84be-3c1f76e05432,f8f654fc-9c53-4277-84be-3c1f76e05432
internal_request_id,5279571a-1a78-46ad-942a-4a855aa77e8b,5279571a-1a78-46ad-942a-4a855aa77e8b
internal_request_id,a01f39fd-4959-4ee2-9c36-5659d039e827,a01f39fd-4959-4ee2-9c36-5659d039e827
internal_request_id,1a3ef077-2fab-4e44-bef7-09128f971b0f,1a3ef077-2fab-4e44-bef7-09128f971b0f
internal_request_id,564a6b66-8ffd-413b-a7ac-e9da97f07045,564a6b66-8ffd-413b-a7ac-e9da97f07045
internal_request_id,f694e937-57e6-4c8a-9b0a-ba4b7da2af67,f694e937-57e6-4c8a-9b0a-ba4b7da2af67
internal_request_id,b206d547-f8a1-40ff-859d-989669f217c4,b206d547-f8a1-40ff-859d-989669f217c4
internal_request_id,bcde700b-71d0-4c15-8e30-6928c1f214f8,bcde700b-71d0-4c15-8e30-6928c1f214f8
internal_request_id,6c91e122-6d0f-426c-93eb-d09c26ebd863,6c91e122-6d0f-426c-93eb-d09c26ebd863
internal_request_id,d4fa419e-0e8d-4f16-80ce-df674f7cff07,d4fa419e-0e8d-4f16-80ce-df674f7cff07
internal_request_id,b4cebec8-9153-4d8f-8858-56ca2ca32b11,b4cebec8-9153-4d8f-8858-56ca2ca32b11
internal_request_id,9c34c749-a9df-4297-b03d-b6c9e51e6e30,9c34c749-a9df-4297-b03d-b6c9e51e6e30
internal_request_id,58d9f8e6-ec47-407e-83dd-32c2cc4b54e8,58d9f8e6-ec47-407e-83dd-32c2cc4b54e8
internal_request_id,793774c8-1ca1-4412-b44b-84192657817b,793774c8-1ca1-4412-b44b-84192657817b
internal_request_id,5ab5ad2c-1efa-4499-8ff5-866a1fafed5f,5ab5ad2c-1efa-4499-8ff5-866a1fafed5f
internal_request_id,8350e67b-4027-45f6-9fb2-20a29e5a5ab5,8350e67b-4027-45f6-9fb2-20a29e5a5ab5
internal_request_id,438d6654-9ba5-48d5-902d-bb417c607871,438d6654-9ba5-48d5-902d-bb417c607871
internal_request_id,d42abd22-2865-4450-b645-c4df3c00e4cb,d42abd22-2865-4450-b645-c4df3c00e4cb
internal_request_id,cbc0ee03-20d2-4bbc-90d4-8fde23b18e87,cbc0ee03-20d2-4bbc-90d4-8fde23b18e87
internal_request_id,a438baf8-7b65-4500-bb65-db9cec1c661b,a438baf8-7b65-4500-bb65-db9cec1c661b
internal_request_id,2b9f2cae-690b-481d-a32d-cbaaf113f3ef,2b9f2cae-690b-481d-a32d-cbaaf113f3ef
internal_request_id,6439c2bb-30dc-44fb-aa81-27d3ea8c08a6,6439c2bb-30dc-44fb-aa81-27d3ea8c08a6
internal_request_id,a5da7bc6-c4bf-4dba-9757-7c3a5013942d,a5da7bc6-c4bf-4dba-9757-7c3a5013942d
internal_request_id,1c186c0d-5e11-4b9e-b6b8-28ad4a67dcf7,1c186c0d-5e11-4b9e-b6b8-28ad4a67dcf7
internal_request_id,dd9773f8-bbd1-42f3-aeaf-b2ac77c6d3fd,dd9773f8-bbd1-42f3-aeaf-b2ac77c6d3fd
internal_request_id,66d41d05-8e71-4275-8d24-c056a9691e1e,66d41d05-8e71-4275-8d24-c056a9691e1e
internal_request_id,bbe6288d-a73b-4388-9f5d-b03cc266cb1c,bbe6288d-a73b-4388-9f5d-b03cc266cb1c
internal_request_id,7dd21d24-8da5-43a7-b41b-5004062139e1,7dd21d24-8da5-43a7-b41b-5004062139e1
internal_request_id,6842dc4c-f8a0-4d5c-a30e-6e5129f769c8,6842dc4c-f8a0-4d5c-a30e-6e5129f769c8
internal_request_id,8e1fc5ed-e35a-4246-a683-e00bb9788021,8e1fc5ed-e35a-4246-a683-e00bb9788021
internal_request_id,cbf57280-3e2f-4fab-acf9-e29c7a809ba3,cbf57280-3e2f-4fab-acf9-e29c7a809ba3
internal_request_id,f2a403a5-3b84-4c8a-ab54-8b9ee580288c,f2a403a5-3b84-4c8a-ab54-8b9ee580288c
internal_request_id,1f90fc3a-0b4f-4568-b13c-a4af001ceeb2,1f90fc3a-0b4f-4568-b13c-a4af001ceeb2
internal_request_id,c754ea43-5739-4e23-b248-e7f7638e8a49,c754ea43-5739-4e23-b248-e7f7638e8a49
internal_request_id,4941e498-d8da-4af2-bef3-6695b9016295,4941e498-d8da-4af2-bef3-6695b9016295
internal_request_id,fbdc6edd-3de4-4dbb-bf45-fd5a70c00661,fbdc6edd-3de4-4dbb-bf45-fd5a70c00661
internal_request_id,d122c368-7416-426f-b791-ca0e1b632161,d122c368-7416-426f-b791-ca0e1b632161
internal_request_id,d71e4bba-d0db-47e4-be33-5949ed743cb6,d71e4bba-d0db-47e4-be33-5949ed743cb6
internal_request_id,55b5c45c-fc96-4034-907e-5a6efc74b420,55b5c45c-fc96-4034-907e-5a6efc74b420
internal_request_id,ebc4c13e-2aff-4643-8dcc-bccd1cb15718,ebc4c13e-2aff-4643-8dcc-bccd1cb15718
internal_request_id,9ba7b2ec-bac7-4c17-9a6b-94abfb387f0d,9ba7b2ec-bac7-4c17-9a6b-94abfb387f0d
internal_request_id,158ba9cb-9c59-4875-9df9-649d951b82ed,158ba9cb-9c59-4875-9df9-649d951b82ed
internal_request_id,e2c9fe2c-e708-4a60-ae32-63849db172ff,e2c9fe2c-e708-4a60-ae32-63849db172ff
internal_request_id,9353e0b9-4b47-4df1-bd06-12205518050f,9353e0b9-4b47-4df1-bd06-12205518050f
internal_request_id,b66e6d6d-99ef-4d34-9a9c-bc9097daca7b,b66e6d6d-99ef-4d34-9a9c-bc9097daca7b
internal_request_id,bf9c7359-e737-4c7d-9370-bd2630648c4d,bf9c7359-e737-4c7d-9370-bd2630648c4d
internal_request_id,4507ab72-d64e-49d6-8a78-316072555711,4507ab72-d64e-49d6-8a78-316072555711
internal_request_id,839c470a-02b8-4efc-81a2-133aed6438c2,839c470a-02b8-4efc-81a2-133aed6438c2
internal_request_id,ab70ea22-b505-45d5-b65a-b31a86f4a3f5,ab70ea22-b505-45d5-b65a-b31a86f4a3f5
internal_request_id,69462cf2-6991-430e-8cf7-1dcbafb09d2d,69462cf2-6991-430e-8cf7-1dcbafb09d2d
internal_request_id,a4f74bf5-c863-4521-a2fe-7121b8d7b4a4,a4f74bf5-c863-4521-a2fe-7121b8d7b4a4
internal_request_id,603fe497-0b91-48ca-a53c-b80f5fbfdf7e,603fe497-0b91-48ca-a53c-b80f5fbfdf7e
internal_request_id,7f0e8406-1935-4a94-9a7b-9cdcaba29d3a,7f0e8406-1935-4a94-9a7b-9cdcaba29d3a
internal_request_id,0b65836d-e0d2-4979-8d2f-f93a273094c7,0b65836d-e0d2-4979-8d2f-f93a273094c7
internal_request_id,9d15320c-ebe8-4329-8479-6ae3863d49d2,9d15320c-ebe8-4329-8479-6ae3863d49d2
internal_request_id,cd826496-fc44-4201-b27e-625e806e42f8,cd826496-fc44-4201-b27e-625e806e42f8
internal_request_id,0fa97711-8104-4a47-a7e8-cc65ea458144,0fa97711-8104-4a47-a7e8-cc65ea458144
internal_request_id,2cfda27a-832e-4e21-a752-47c7ed053573,2cfda27a-832e-4e21-a752-47c7ed053573
internal_request_id,1bbb1eb8-394c-4715-9c4a-e8f09c64a843,1bbb1eb8-394c-4715-9c4a-e8f09c64a843
internal_request_id,c9b2e50e-23b9-43ad-87d7-4be0972a9880,c9b2e50e-23b9-43ad-87d7-4be0972a9880
internal_request_id,6743d967-845b-404f-a04d-12a04ae3fb50,6743d967-845b-404f-a04d-12a04ae3fb50
internal_request_id,c5d924d9-820d-4f32-9a35-04347031f0d3,c5d924d9-820d-4f32-9a35-04347031f0d3
internal_request_id,7e4f127d-691e-4832-8e10-ba339288bc77,7e4f127d-691e-4832-8e10-ba339288bc77
internal_request_id,70277009-ed63-4d5f-bf38-f5e1d5b5f3ed,70277009-ed63-4d5f-bf38-f5e1d5b5f3ed
internal_request_id,a8ba8636-452a-42d7-8951-3b0898bb3c68,a8ba8636-452a-42d7-8951-3b0898bb3c68
internal_request_id,1bfc1c40-02c5-48a7-94a5-ca1d7133c376,1bfc1c40-02c5-48a7-94a5-ca1d7133c376
internal_request_id,70f28b35-b4ae-4446-9064-debeb07e625f,70f28b35-b4ae-4446-9064-debeb07e625f
internal_request_id,c8a00842-98b3-4998-81d6-279040cc9b0c,c8a00842-98b3-4998-81d6-279040cc9b0c
internal_request_id,46c1d956-9840-410e-98d2-0fcd51eb57c5,46c1d956-9840-410e-98d2-0fcd51eb57c5
internal_request_id,53cfd976-d1c9-4488-8202-c93cdfb5ebb7,53cfd976-d1c9-4488-8202-c93cdfb5ebb7
internal_request_id,f35b8995-c2b0-4ff4-8da6-0b55f485d377,f35b8995-c2b0-4ff4-8da6-0b55f485d377
internal_request_id,8168ec6c-f265-402b-a00a-946f94c7a51b,8168ec6c-f265-402b-a00a-946f94c7a51b
internal_request_id,7d749e8c-18b6-4cd5-ba2a-adc6079c11e2,7d749e8c-18b6-4cd5-ba2a-adc6079c11e2
internal_request_id,0aff1ec3-909b-4a9f-8583-05e70f7b1fe0,0aff1ec3-909b-4a9f-8583-05e70f7b1fe0
internal_request_id,103ec546-8faa-4455-ae19-3d9b38713a28,103ec546-8faa-4455-ae19-3d9b38713a28
internal_request_id,58f09313-a9a9-47df-8362-40b2a1723e6b,58f09313-a9a9-47df-8362-40b2a1723e6b
internal_request_id,649996b7-e9ca-4c56-9bca-686159d883b2,649996b7-e9ca-4c56-9bca-686159d883b2
internal_request_id,ff03f060-0c9b-4ac6-aa37-024d1e553cd1,ff03f060-0c9b-4ac6-aa37-024d1e553cd1
internal_request_id,f2820459-5a10-45f3-9bdf-052cdbdebbc5,f2820459-5a10-45f3-9bdf-052cdbdebbc5
internal_request_id,4c356111-8558-4a90-8f2a-f4c181b44bc6,4c356111-8558-4a90-8f2a-f4c181b44bc6
internal_request_id,7c8c7b75-2676-49a2-9436-28bd623650b0,7c8c7b75-2676-49a2-9436-28bd623650b0
internal_request_id,fe48eea2-65b9-44c9-8287-34fe1ab31a74,fe48eea2-65b9-44c9-8287-34fe1ab31a74
internal_request_id,d43c2e4b-f9cf-455f-be64-bba70e2f8d7a,d43c2e4b-f9cf-455f-be64-bba70e2f8d7a
internal_request_id,cc2a5d98-23fc-4544-9d54-a2bd086cf0e7,cc2a5d98-23fc-4544-9d54-a2bd086cf0e7
internal_request_id,b04f57d0-cf3c-4a56-b66a-88fda9e2d0a2,b04f57d0-cf3c-4a56-b66a-88fda9e2d0a2
internal_request_id,41fa2058-2f4a-4c87-a583-a92f529aa3ca,41fa2058-2f4a-4c87-a583-a92f529aa3ca
internal_request_id,b6b560df-454e-4d58-9ff3-eba9dd5769a6,b6b560df-454e-4d58-9ff3-eba9dd5769a6
internal_request_id,52628960-0cae-4fa0-b838-8ff688c844f0,52628960-0cae-4fa0-b838-8ff688c844f0
internal_request_id,33f0092f-234b-4e4c-8d3e-e61cf45006c6,33f0092f-234b-4e4c-8d3e-e61cf45006c6
internal_request_id,cd19a6f5-002c-43ee-9ca7-7eba8b3c1b2c,cd19a6f5-002c-43ee-9ca7-7eba8b3c1b2c
internal_request_id,a5983b8c-04b2-4742-b931-33547ea5413f,a5983b8c-04b2-4742-b931-33547ea5413f
internal_request_id,860c0a7f-5905-46d6-b80a-651617aa0078,860c0a7f-5905-46d6-b80a-651617aa0078
internal_request_id,e2eb7423-2d94-4bfb-8336-47dc69fc3c7c,e2eb7423-2d94-4bfb-8336-47dc69fc3c7c
internal_request_id,d3b332b8-d0a3-4807-82bc-c7df2f49d076,d3b332b8-d0a3-4807-82bc-c7df2f49d076
internal_request_id,a6bbc42f-db14-4039-86ba-ea5ca8d38440,a6bbc42f-db14-4039-86ba-ea5ca8d38440
internal_request_id,75d346bc-3ee9-4cd8-9a62-d7657c1d457a,75d346bc-3ee9-4cd8-9a62-d7657c1d457a
internal_request_id,5de0e1ab-ed75-46fa-ba14-bf87c9d77eeb,5de0e1ab-ed75-46fa-ba14-bf87c9d77eeb
internal_request_id,3f382438-19a7-4418-a287-d605cc90cda8,3f382438-19a7-4418-a287-d605cc90cda8
internal_request_id,d559abae-d164-4a24-9913-29c54c668904,d559abae-d164-4a24-9913-29c54c668904
internal_request_id,9a01c923-836d-485e-b9b8-2a8b55b48bc2,9a01c923-836d-485e-b9b8-2a8b55b48bc2
internal_request_id,a2e43778-049e-4486-9379-ecf0b579a411,a2e43778-049e-4486-9379-ecf0b579a411
internal_request_id,14c91f3d-085e-44cb-b3ac-379515cbe689,14c91f3d-085e-44cb-b3ac-379515cbe689
internal_request_id,7cd5e67b-0329-42f8-97c4-0d4ffa8131e8,7cd5e67b-0329-42f8-97c4-0d4ffa8131e8
internal_request_id,8aed2916-1d67-416d-9faf-7e0f6e832686,8aed2916-1d67-416d-9faf-7e0f6e832686
internal_request_id,db00f042-ee66-4dfe-97e9-84ce336a972b,db00f042-ee66-4dfe-97e9-84ce336a972b
internal_request_id,c2977135-9eff-4be5-b249-909405ba8c8b,c2977135-9eff-4be5-b249-909405ba8c8b
internal_request_id,57721bd4-d6e8-4444-a12d-e44552a57cc9,57721bd4-d6e8-4444-a12d-e44552a57cc9
internal_request_id,544f091e-0fcf-4113-adef-bba13a8f9b6e,544f091e-0fcf-4113-adef-bba13a8f9b6e
internal_request_id,ddd28ab1-0d9d-4284-bfa1-e31d8e61bbfd,ddd28ab1-0d9d-4284-bfa1-e31d8e61bbfd
internal_request_id,5d12aaf3-f4e5-4df9-8072-003204d47da1,5d12aaf3-f4e5-4df9-8072-003204d47da1
internal_request_id,1328ab7d-66db-4d78-98b8-cdef18f0ceac,1328ab7d-66db-4d78-98b8-cdef18f0ceac
internal_request_id,32fa2996-925b-405c-b89f-57492f88726c,32fa2996-925b-405c-b89f-57492f88726c
internal_request_id,9bc731c6-f3ad-4966-9582-c8fe863af1a0,9bc731c6-f3ad-4966-9582-c8fe863af1a0
internal_request_id,35b134ec-41a3-43f0-b824-916aa1748271,35b134ec-41a3-43f0-b824-916aa1748271
internal_request_id,809f815d-ed61-4eb5-a803-4a84572ab827,809f815d-ed61-4eb5-a803-4a84572ab827
internal_request_id,f512a828-d5fa-443b-810b-f3f073805621,f512a828-d5fa-443b-810b-f3f073805621
internal_request_id,3fcd1469-cfc4-4a26-b66f-b1591f0d4ed1,3fcd1469-cfc4-4a26-b66f-b1591f0d4ed1
internal_request_id,50459124-2c5b-41ef-8638-0f16ac4bd92f,50459124-2c5b-41ef-8638-0f16ac4bd92f
internal_request_id,518608e8-8f26-4707-9230-3414cb25ce0a,518608e8-8f26-4707-9230-3414cb25ce0a
internal_request_id,fcaa6c77-b7a9-4b86-81fa-cb743c1fc24c,fcaa6c77-b7a9-4b86-81fa-cb743c1fc24c
internal_request_id,292cb572-049f-4f59-b2a7-46ae537af040,292cb572-049f-4f59-b2a7-46ae537af040
internal_request_id,51de734b-b6e0-4911-bced-f477f681d28a,51de734b-b6e0-4911-bced-f477f681d28a
internal_request_id,394d67c6-e515-4820-98a6-ddffd949fe73,394d67c6-e515-4820-98a6-ddffd949fe73
internal_request_id,5be7c1cc-90f6-40fd-843f-de64207c84b6,5be7c1cc-90f6-40fd-843f-de64207c84b6
internal_request_id,7855a981-e036-4833-bc06-5de060762d8f,7855a981-e036-4833-bc06-5de060762d8f
internal_request_id,25ba2cd0-b018-4804-8d4b-ad20cceadb29,25ba2cd0-b018-4804-8d4b-ad20cceadb29
internal_request_id,1ca9c52a-2efe-4497-95b0-a9b6197704dd,1ca9c52a-2efe-4497-95b0-a9b6197704dd
internal_request_id,d61a6844-b5ea-416c-8a5c-b4d1f82c0fe3,d61a6844-b5ea-416c-8a5c-b4d1f82c0fe3
internal_request_id,dbd6f967-2130-401a-8385-ba23b80422bc,dbd6f967-2130-401a-8385-ba23b80422bc
internal_request_id,35acba6f-0c9a-4a4c-b3fd-72f7a4c29128,35acba6f-0c9a-4a4c-b3fd-72f7a4c29128
internal_request_id,9abe8204-9254-4110-8f40-74f61065ac09,9abe8204-9254-4110-8f40-74f61065ac09
internal_request_id,6c3df3f5-db8e-4421-b2da-81ca2a1046b8,6c3df3f5-db8e-4421-b2da-81ca2a1046b8
internal_request_id,d78d1b5c-3909-4258-afad-bb7f4b82ab94,d78d1b5c-3909-4258-afad-bb7f4b82ab94
internal_request_id,40f9c1bd-4081-4c2f-b4f6-8e73f9579bde,40f9c1bd-4081-4c2f-b4f6-8e73f9579bde
internal_request_id,6b0160c2-f18a-433d-97ee-5d40c4ec1503,6b0160c2-f18a-433d-97ee-5d40c4ec1503
internal_request_id,247cb3f4-f7e9-4956-a242-f7dc2c98fe75,247cb3f4-f7e9-4956-a242-f7dc2c98fe75
internal_request_id,23dba89b-3d9b-4eb1-afc2-b6669e044030,23dba89b-3d9b-4eb1-afc2-b6669e044030
internal_request_id,345c63ac-a7cb-46d1-afb7-2bd3b961ad5d,345c63ac-a7cb-46d1-afb7-2bd3b961ad5d
internal_request_id,ecacc277-9272-44c6-bac5-06a182b9cc0f,ecacc277-9272-44c6-bac5-06a182b9cc0f
internal_request_id,15258af6-3436-49b9-945a-6c4f45ca5137,15258af6-3436-49b9-945a-6c4f45ca5137
internal_request_id,ac02917d-ac69-4390-a001-8bba281429ca,ac02917d-ac69-4390-a001-8bba281429ca
internal_request_id,f608cb91-23a6-46b2-801f-f1f2e32ccd9f,f608cb91-23a6-46b2-801f-f1f2e32ccd9f
internal_request_id,80496d43-b414-45cc-87e0-9f0605665583,80496d43-b414-45cc-87e0-9f0605665583
internal_request_id,1a7a034a-176d-4f9c-9a45-00c52519e9d7,1a7a034a-176d-4f9c-9a45-00c52519e9d7
internal_request_id,a515d255-1f10-4e99-bac0-6bd9c3a32562,a515d255-1f10-4e99-bac0-6bd9c3a32562
internal_request_id,10204828-fe54-4815-a5ca-353f47adcbac,10204828-fe54-4815-a5ca-353f47adcbac
internal_request_id,7106dc67-f820-4be7-9cd2-c1fd13b67867,7106dc67-f820-4be7-9cd2-c1fd13b67867
internal_request_id,08993694-65aa-41eb-a11e-d3309d29a51e,08993694-65aa-41eb-a11e-d3309d29a51e
internal_request_id,d5742892-61fd-411c-a378-98962e24ca25,d5742892-61fd-411c-a378-98962e24ca25
internal_request_id,24c5733b-972d-4b8c-bbbc-b9079fb98ab1,24c5733b-972d-4b8c-bbbc-b9079fb98ab1
internal_request_id,8bd76588-939f-4be0-b402-694b1ec917eb,8bd76588-939f-4be0-b402-694b1ec917eb
internal_request_id,2bd35605-c0bc-4e8f-a1a5-76c32972b303,2bd35605-c0bc-4e8f-a1a5-76c32972b303
internal_request_id,b06ac3b3-75c1-4716-8fa1-24eef3421239,b06ac3b3-75c1-4716-8fa1-24eef3421239
internal_request_id,16a80aed-e8c2-4c13-9377-eeba457ab9d3,16a80aed-e8c2-4c13-9377-eeba457ab9d3
internal_request_id,8e7a2a3c-5352-435f-8f80-d94604ea2158,8e7a2a3c-5352-435f-8f80-d94604ea2158
internal_request_id,743545a9-8763-4d71-bd55-ccf1985fc406,743545a9-8763-4d71-bd55-ccf1985fc406
internal_request_id,879f7a26-34e8-4e75-8c85-1763a1509408,879f7a26-34e8-4e75-8c85-1763a1509408
internal_request_id,96c56d39-1ad1-4c33-bf16-c3cc166c2dd5,96c56d39-1ad1-4c33-bf16-c3cc166c2dd5
internal_request_id,f3ebe67d-5e40-4169-b1a1-9c758b641d4d,f3ebe67d-5e40-4169-b1a1-9c758b641d4d
internal_request_id,84dfcbe4-097e-4fe5-9db0-0d9a41fd5ec9,84dfcbe4-097e-4fe5-9db0-0d9a41fd5ec9
internal_request_id,c80e3ea2-3ba6-4659-afa1-deb0c0de86fd,c80e3ea2-3ba6-4659-afa1-deb0c0de86fd
internal_request_id,658b8ae4-1699-48b5-8c2a-179b2e8bc51b,658b8ae4-1699-48b5-8c2a-179b2e8bc51b
internal_request_id,75c21264-cd09-4af1-8d1f-3281ccba9047,75c21264-cd09-4af1-8d1f-3281ccba9047
internal_request_id,caf2e1b5-f5c1-4c8d-a0e7-b46fdcb029f9,caf2e1b5-f5c1-4c8d-a0e7-b46fdcb029f9
internal_request_id,856bed13-481d-4ee4-8121-7efd17083937,856bed13-481d-4ee4-8121-7efd17083937
internal_request_id,0f02b86a-3388-422c-a1a7-7d43747e51a2,0f02b86a-3388-422c-a1a7-7d43747e51a2
internal_request_id,e0a29b7f-daf4-4697-a9d5-a94a9d166d19,e0a29b7f-daf4-4697-a9d5-a94a9d166d19
internal_request_id,cb1ef888-e09e-47e3-9ff2-dc404d42d19b,cb1ef888-e09e-47e3-9ff2-dc404d42d19b
internal_request_id,fdfb594b-4242-4acd-afd5-2440f06841db,fdfb594b-4242-4acd-afd5-2440f06841db
internal_request_id,decf364b-1f6f-44ee-af30-5e92e9002405,decf364b-1f6f-44ee-af30-5e92e9002405
internal_request_id,5bf37439-c400-4c33-8336-da03872f86be,5bf37439-c400-4c33-8336-da03872f86be
internal_request_id,5d6dcda0-29a9-47ca-a5a2-29bddbf31f1b,5d6dcda0-29a9-47ca-a5a2-29bddbf31f1b
internal_request_id,9f90e88e-0799-4c29-8fe2-0beb10964814,9f90e88e-0799-4c29-8fe2-0beb10964814
internal_request_id,c0815df4-9833-4907-8aee-1235f31b3f3b,c0815df4-9833-4907-8aee-1235f31b3f3b
internal_request_id,521cae76-da38-4496-b050-808ab58a6220,521cae76-da38-4496-b050-808ab58a6220
internal_request_id,1b16179e-ce57-4ba9-8b3b-4b1f9c266811,1b16179e-ce57-4ba9-8b3b-4b1f9c266811
internal_request_id,23618793-9d67-4b70-bbf9-f2b22dfe951c,23618793-9d67-4b70-bbf9-f2b22dfe951c
internal_request_id,66f00e5f-122f-4e3c-a1a0-b45118b3ef4e,66f00e5f-122f-4e3c-a1a0-b45118b3ef4e
internal_request_id,043e9c91-4d4d-48c3-a1e2-157940b8d993,043e9c91-4d4d-48c3-a1e2-157940b8d993
internal_request_id,b97584ad-8607-4474-b5c2-f4d0efc5ce84,b97584ad-8607-4474-b5c2-f4d0efc5ce84
internal_request_id,ad358bb6-fc60-4cf7-b2cd-e28b6c72cc8b,ad358bb6-fc60-4cf7-b2cd-e28b6c72cc8b
internal_request_id,dd8e3727-159f-4e18-b3e9-ac6e3b777418,dd8e3727-159f-4e18-b3e9-ac6e3b777418
internal_request_id,d01d389d-d5e2-4e5c-8857-555f9509807b,d01d389d-d5e2-4e5c-8857-555f9509807b
internal_request_id,5faff9ba-3b04-4308-afa2-e0580ae24f64,5faff9ba-3b04-4308-afa2-e0580ae24f64
internal_request_id,f39ec639-ad8f-43cf-aba0-9ce4363b3f8a,f39ec639-ad8f-43cf-aba0-9ce4363b3f8a
internal_request_id,4ee6a5f6-e5a6-4ca7-a58d-3101e36dc274,4ee6a5f6-e5a6-4ca7-a58d-3101e36dc274
internal_request_id,3709381d-cf99-4160-833a-d462d74951ae,3709381d-cf99-4160-833a-d462d74951ae
internal_request_id,7b959fd7-d629-4496-91aa-8bc8b2fb9f8a,7b959fd7-d629-4496-91aa-8bc8b2fb9f8a
internal_request_id,65a22c4f-a627-42d8-8511-df87ff32cb11,65a22c4f-a627-42d8-8511-df87ff32cb11
internal_request_id,9b35ea78-93d4-4bc2-a97b-25c94983f1b1,9b35ea78-93d4-4bc2-a97b-25c94983f1b1
internal_request_id,cfb0b2ad-df56-4724-a5a5-cb2b0f3f4c66,cfb0b2ad-df56-4724-a5a5-cb2b0f3f4c66
internal_request_id,010f7660-0664-4b1a-b27d-94b20684f651,010f7660-0664-4b1a-b27d-94b20684f651
internal_request_id,a9059adb-0583-4587-bff8-df7c08b27bcc,a9059adb-0583-4587-bff8-df7c08b27bcc
internal_request_id,515d7328-20f2-44b7-a217-b2a8a5f82587,515d7328-20f2-44b7-a217-b2a8a5f82587
internal_request_id,0921984b-fcc4-48e6-a1f5-1166078c4d6d,0921984b-fcc4-48e6-a1f5-1166078c4d6d
internal_request_id,8986a491-5c7d-4dbf-9da8-a6f09e7fb476,8986a491-5c7d-4dbf-9da8-a6f09e7fb476
internal_request_id,526ad536-9bc1-45d4-b075-ebd9f038a265,526ad536-9bc1-45d4-b075-ebd9f038a265
internal_request_id,9ee6cb30-7249-44c0-b21f-0a1caae0df0a,9ee6cb30-7249-44c0-b21f-0a1caae0df0a
internal_request_id,f5f2106d-7b3a-41c3-a24a-b3915eb7bbbd,f5f2106d-7b3a-41c3-a24a-b3915eb7bbbd
internal_request_id,6783c598-d777-45b6-8bd7-a8838c1b1d2e,6783c598-d777-45b6-8bd7-a8838c1b1d2e
internal_request_id,e8fc2206-197c-45ac-bd97-0aadb74e09ad,e8fc2206-197c-45ac-bd97-0aadb74e09ad
internal_request_id,5218a6ad-2558-41c1-a291-de5fe4ba7ad7,5218a6ad-2558-41c1-a291-de5fe4ba7ad7
internal_request_id,00617c82-2d9e-489b-b2ac-c61bacf7504c,00617c82-2d9e-489b-b2ac-c61bacf7504c
internal_request_id,35de5742-b053-4da8-8eeb-bfb697369176,35de5742-b053-4da8-8eeb-bfb697369176
internal_request_id,a17f82d8-8504-4e49-9c18-51090316d546,a17f82d8-8504-4e49-9c18-51090316d546
internal_request_id,622d3d8a-0e75-41e5-9153-b2472d260d2d,622d3d8a-0e75-41e5-9153-b2472d260d2d
internal_request_id,e0e8efac-1238-46f5-9ce8-9028e0d643b6,e0e8efac-1238-46f5-9ce8-9028e0d643b6
internal_request_id,14e5d90f-88f0-4df2-a9ba-be236b8a53ff,14e5d90f-88f0-4df2-a9ba-be236b8a53ff
internal_request_id,d57831fd-04b5-426a-9107-cc9b8a180edd,d57831fd-04b5-426a-9107-cc9b8a180edd
internal_request_id,84708c0c-48c2-4493-aae9-a6bf528d7a5b,84708c0c-48c2-4493-aae9-a6bf528d7a5b
internal_request_id,13a6a0a5-a3d5-4ca7-ac21-f47bfd2fea35,13a6a0a5-a3d5-4ca7-ac21-f47bfd2fea35
internal_request_id,a4a99837-c97b-43ef-9cb2-2f1aba670c2c,a4a99837-c97b-43ef-9cb2-2f1aba670c2c
internal_request_id,e0349b80-d597-4c76-a671-2e3251e912f3,e0349b80-d597-4c76-a671-2e3251e912f3
internal_request_id,30cca7e6-e32e-4b9d-8877-468f3139b4cd,30cca7e6-e32e-4b9d-8877-468f3139b4cd
internal_request_id,4fe290ec-20c5-4648-b269-20b98a69e19a,4fe290ec-20c5-4648-b269-20b98a69e19a
internal_request_id,1634628c-fa0c-4d30-9bc9-d5c8383ea4c9,1634628c-fa0c-4d30-9bc9-d5c8383ea4c9
internal_request_id,f7cc50d7-e245-42c4-ba94-0a5083e64ec4,f7cc50d7-e245-42c4-ba94-0a5083e64ec4
internal_request_id,78781dcc-9a3a-4023-b8c4-1bb66f95d20a,78781dcc-9a3a-4023-b8c4-1bb66f95d20a
internal_request_id,8b0c2e8f-4687-487b-b666-a03de31ee83f,8b0c2e8f-4687-487b-b666-a03de31ee83f
internal_request_id,4e3e46b1-e6ec-4715-8ae1-fc5f919a1cc8,4e3e46b1-e6ec-4715-8ae1-fc5f919a1cc8
internal_request_id,d83af9eb-a300-4a82-8ec9-85e34555c695,d83af9eb-a300-4a82-8ec9-85e34555c695
internal_request_id,69185763-76a9-4ab5-a63d-a6d75e4f50ba,69185763-76a9-4ab5-a63d-a6d75e4f50ba
internal_request_id,6601d80a-f0c0-4d65-9b5b-41af407f1d01,6601d80a-f0c0-4d65-9b5b-41af407f1d01
internal_request_id,5ec5166d-66f2-4e40-bb1e-dc60d8e6415f,5ec5166d-66f2-4e40-bb1e-dc60d8e6415f
internal_request_id,8171030b-87e5-40e7-966f-b62fe7d39f3f,8171030b-87e5-40e7-966f-b62fe7d39f3f
internal_request_id,c778618e-7b74-4edb-ac2b-1b605d455e15,c778618e-7b74-4edb-ac2b-1b605d455e15
internal_request_id,9a4381d7-fff9-463d-bc1a-50f2abcaf6b0,9a4381d7-fff9-463d-bc1a-50f2abcaf6b0
internal_request_id,6fda7d2a-d900-470f-9985-e4bbec826dce,6fda7d2a-d900-470f-9985-e4bbec826dce
internal_request_id,863994ad-eede-45ed-a148-7172adaeee98,863994ad-eede-45ed-a148-7172adaeee98
internal_request_id,14d61a81-5e66-4107-ba34-b2a77fcf2fe2,14d61a81-5e66-4107-ba34-b2a77fcf2fe2
internal_request_id,30ba077a-e7ec-4ee2-a2f0-a4938326ce38,30ba077a-e7ec-4ee2-a2f0-a4938326ce38
internal_request_id,4a206866-2b3b-453e-b35f-deb8d33b39ec,4a206866-2b3b-453e-b35f-deb8d33b39ec
internal_request_id,81cd1e8c-618c-4e45-8a65-b417f470f0fe,81cd1e8c-618c-4e45-8a65-b417f470f0fe
internal_request_id,b80d3265-7e1f-4edb-afbd-d6cdcede4a2b,b80d3265-7e1f-4edb-afbd-d6cdcede4a2b
internal_request_id,1c78b0a3-0a46-414b-aa23-3fd40d041833,1c78b0a3-0a46-414b-aa23-3fd40d041833
internal_request_id,b69b4986-94a8-4102-817c-f2b43e5d1e58,b69b4986-94a8-4102-817c-f2b43e5d1e58
internal_request_id,9fc32aa4-5e7b-4409-ad47-edf99afe0dfc,9fc32aa4-5e7b-4409-ad47-edf99afe0dfc
internal_request_id,824ec15f-db2f-4e48-9ca1-b02b5055844d,824ec15f-db2f-4e48-9ca1-b02b5055844d
internal_request_id,aa728825-ad48-456a-bbca-5f245ceee9eb,aa728825-ad48-456a-bbca-5f245ceee9eb
internal_request_id,2551105c-e630-4f1f-b985-a7c7043c23e1,2551105c-e630-4f1f-b985-a7c7043c23e1
internal_request_id,d28990c8-60e3-484b-b017-ed7a667060b9,d28990c8-60e3-484b-b017-ed7a667060b9
internal_request_id,4a6ea9e6-93be-4409-be63-2f72033eacea,4a6ea9e6-93be-4409-be63-2f72033eacea
internal_request_id,abc27575-e243-49ab-ad5d-3a62b4c3db9b,abc27575-e243-49ab-ad5d-3a62b4c3db9b
internal_request_id,7dd4b040-d862-422c-91fc-b54d1ab0e80d,7dd4b040-d862-422c-91fc-b54d1ab0e80d
internal_request_id,eb8ded42-469f-47ab-94f0-842b7376c949,eb8ded42-469f-47ab-94f0-842b7376c949
internal_request_id,1f760a40-6856-49f3-b5aa-7629e1c3714f,1f760a40-6856-49f3-b5aa-7629e1c3714f
internal_request_id,a89e9dcc-ac67-42a0-8691-7efd5ed9fe19,a89e9dcc-ac67-42a0-8691-7efd5ed9fe19
internal_request_id,d2f18dfe-cb8d-471c-a816-46eb53d8ef94,d2f18dfe-cb8d-471c-a816-46eb53d8ef94
internal_request_id,2e5af4ce-cd21-4043-8f3e-863519f05f5f,2e5af4ce-cd21-4043-8f3e-863519f05f5f
internal_request_id,fb2e3f6c-fa30-45ca-ba76-22ba70f3bd06,fb2e3f6c-fa30-45ca-ba76-22ba70f3bd06
internal_request_id,9dbf55a7-a191-49ae-98e8-33d896d3577e,9dbf55a7-a191-49ae-98e8-33d896d3577e
internal_request_id,7666bc60-aac4-43f2-98ae-fd7539b024b4,7666bc60-aac4-43f2-98ae-fd7539b024b4
internal_request_id,4e9b6a03-464f-460c-8c4b-b1a95bafeeb8,4e9b6a03-464f-460c-8c4b-b1a95bafeeb8
internal_request_id,1ad56aef-347f-47d7-9024-a16add796a63,1ad56aef-347f-47d7-9024-a16add796a63
internal_request_id,7e544605-118d-4afc-9c64-2cf7a82bcc09,7e544605-118d-4afc-9c64-2cf7a82bcc09
internal_request_id,78125f3f-b433-401a-8448-134072148478,78125f3f-b433-401a-8448-134072148478
internal_request_id,bc184da7-f24c-4e52-9ad5-e329bb2d62be,bc184da7-f24c-4e52-9ad5-e329bb2d62be
internal_request_id,37f687e3-2dde-4126-a8db-aef4d923a24d,37f687e3-2dde-4126-a8db-aef4d923a24d
internal_request_id,8e1c196e-1d31-4b7a-be3d-65a46ee55477,8e1c196e-1d31-4b7a-be3d-65a46ee55477
internal_request_id,48cd02b6-caf7-4a15-a6fc-79439404cf3a,48cd02b6-caf7-4a15-a6fc-79439404cf3a
internal_request_id,2f4978b3-48c8-4f53-8782-b44c1c15c233,2f4978b3-48c8-4f53-8782-b44c1c15c233
internal_request_id,e8f8575f-53f7-4279-a37f-e89b8745ab47,e8f8575f-53f7-4279-a37f-e89b8745ab47
internal_request_id,0dbf5b01-a47e-460b-af3f-125213e75c11,0dbf5b01-a47e-460b-af3f-125213e75c11
internal_request_id,0718a81d-d7bc-4a78-8edd-76c3fae5136a,0718a81d-d7bc-4a78-8edd-76c3fae5136a
internal_request_id,85dba8cf-4bcc-40e7-862f-79411f4af672,85dba8cf-4bcc-40e7-862f-79411f4af672
internal_request_id,d5ebaba6-0a64-45b8-9292-cfe1a84a91fc,d5ebaba6-0a64-45b8-9292-cfe1a84a91fc
internal_request_id,9eff86bf-dae9-4c04-986f-1e72acf148ba,9eff86bf-dae9-4c04-986f-1e72acf148ba
internal_request_id,ee40d416-efc0-4ae1-b363-c6e0b085e150,ee40d416-efc0-4ae1-b363-c6e0b085e150
internal_request_id,d73fb2e7-816f-4f92-b965-003752cf81ce,d73fb2e7-816f-4f92-b965-003752cf81ce
internal_request_id,8cde1812-c29d-44df-93a4-14c5494bf754,8cde1812-c29d-44df-93a4-14c5494bf754
internal_request_id,673386da-24fa-40b9-81c5-69c96b98d67b,673386da-24fa-40b9-81c5-69c96b98d67b
internal_request_id,90d0ab5b-1794-4874-8f66-7facc67c622f,90d0ab5b-1794-4874-8f66-7facc67c622f
internal_request_id,bc9adab0-7a49-41ce-a172-8431f9a5c0d7,bc9adab0-7a49-41ce-a172-8431f9a5c0d7
internal_request_id,f1626afd-72f8-4eba-8503-100bf7855757,f1626afd-72f8-4eba-8503-100bf7855757
internal_request_id,2e387fe8-ddf3-46e2-aaf2-99ab317d9599,2e387fe8-ddf3-46e2-aaf2-99ab317d9599
internal_request_id,9bc6ffe1-5998-419d-8de3-2fb4dda7cbd7,9bc6ffe1-5998-419d-8de3-2fb4dda7cbd7
internal_request_id,c6201e58-c924-4c1d-8876-64c83b717b7c,c6201e58-c924-4c1d-8876-64c83b717b7c
internal_request_id,ff9b1dad-3956-4645-9e2f-c541734a1ec4,ff9b1dad-3956-4645-9e2f-c541734a1ec4
internal_request_id,1fd2baa2-b826-4892-bdc9-66916d2eaae5,1fd2baa2-b826-4892-bdc9-66916d2eaae5
internal_request_id,f21957ca-e308-4206-942f-7514c137d23b,f21957ca-e308-4206-942f-7514c137d23b
internal_request_id,a73f3f30-06fb-432b-bbb0-1043cebacace,a73f3f30-06fb-432b-bbb0-1043cebacace
internal_request_id,8848b1cb-7e68-401e-954a-eb15648b318b,8848b1cb-7e68-401e-954a-eb15648b318b
internal_request_id,f18d8681-ef60-44b1-8b96-7cd0cb089a40,f18d8681-ef60-44b1-8b96-7cd0cb089a40
internal_request_id,4cda41a0-1d8a-4791-87f5-b81e682eb900,4cda41a0-1d8a-4791-87f5-b81e682eb900
internal_request_id,ec0c4dd5-71d3-42c9-8fe5-731d764c0311,ec0c4dd5-71d3-42c9-8fe5-731d764c0311
internal_request_id,17d06bb6-66ee-4e61-861f-8c605e3181af,17d06bb6-66ee-4e61-861f-8c605e3181af
internal_request_id,0ce246bc-eefc-438a-b7d4-259168c87fb1,0ce246bc-eefc-438a-b7d4-259168c87fb1
internal_request_id,84804767-8f25-42f2-adaf-05deebafdfe5,84804767-8f25-42f2-adaf-05deebafdfe5
internal_request_id,42242761-d819-47eb-afed-fd8d9fc4a221,42242761-d819-47eb-afed-fd8d9fc4a221
internal_request_id,dad33388-b291-4865-b3b3-fac0231353ae,dad33388-b291-4865-b3b3-fac0231353ae
internal_request_id,8c97fdf3-734b-4d9a-bbfc-7d6bda385d83,8c97fdf3-734b-4d9a-bbfc-7d6bda385d83
internal_request_id,92e33f66-a822-4fa2-b054-22f92a531318,92e33f66-a822-4fa2-b054-22f92a531318
internal_request_id,3a3ac058-b1a1-49bb-a14b-34f84a081b65,3a3ac058-b1a1-49bb-a14b-34f84a081b65
internal_request_id,9f8ff1c3-9f85-4e25-87d3-800b3dc50316,9f8ff1c3-9f85-4e25-87d3-800b3dc50316
internal_request_id,b8782d09-a4ce-47de-873b-a1ccad97f1e9,b8782d09-a4ce-47de-873b-a1ccad97f1e9
internal_request_id,46eb890a-1df2-4ecb-a7b7-f5bb95bc3e96,46eb890a-1df2-4ecb-a7b7-f5bb95bc3e96
internal_request_id,5c3c125f-d814-4491-8248-abb5e34bbf77,5c3c125f-d814-4491-8248-abb5e34bbf77
internal_request_id,ed856641-20e7-42c7-8b7a-2efb2d1237b3,ed856641-20e7-42c7-8b7a-2efb2d1237b3
internal_request_id,665b053e-2cda-4081-bd52-08cbbc9a8282,665b053e-2cda-4081-bd52-08cbbc9a8282
internal_request_id,492d3dc3-7b49-46cf-9b9c-5b6b1feef58d,492d3dc3-7b49-46cf-9b9c-5b6b1feef58d
internal_request_id,e88a4089-c5c0-4c3d-b860-f490c23d6d87,e88a4089-c5c0-4c3d-b860-f490c23d6d87
internal_request_id,b790dda6-5e97-4b2e-a8fc-28f99fef0d9d,b790dda6-5e97-4b2e-a8fc-28f99fef0d9d
internal_request_id,a21d54d6-1667-4d80-a121-7c31cd890b6b,a21d54d6-1667-4d80-a121-7c31cd890b6b
internal_request_id,9095b051-64ed-4f82-816c-f7e45ccaa9ae,9095b051-64ed-4f82-816c-f7e45ccaa9ae
internal_request_id,ddb72c5f-55ca-4fa0-b987-1b61b559fba9,ddb72c5f-55ca-4fa0-b987-1b61b559fba9
internal_request_id,df7856ea-1e10-4898-b2f5-e82e5f475245,df7856ea-1e10-4898-b2f5-e82e5f475245
internal_request_id,2b5449c0-6c51-48d1-a0e6-bc263acaba4e,2b5449c0-6c51-48d1-a0e6-bc263acaba4e
internal_request_id,44881915-98e3-4477-ae7a-b3fcd566ea33,44881915-98e3-4477-ae7a-b3fcd566ea33
internal_request_id,c534e5a1-ebaa-4a1b-8235-bf8e20c49e9b,c534e5a1-ebaa-4a1b-8235-bf8e20c49e9b
internal_request_id,9258593b-19f2-4c33-9a2f-69658ff0d5d7,9258593b-19f2-4c33-9a2f-69658ff0d5d7
internal_request_id,5b4da482-eb9d-47e1-a025-24fb9fa2403b,5b4da482-eb9d-47e1-a025-24fb9fa2403b
internal_request_id,8b2a8948-7098-45d5-8330-5ca2da8587a8,8b2a8948-7098-45d5-8330-5ca2da8587a8
internal_request_id,434071ec-f8d8-4725-ad69-bf519fe874d9,434071ec-f8d8-4725-ad69-bf519fe874d9
internal_request_id,4d5e3a2c-e842-4027-8dd6-aeadd0b1c3b3,4d5e3a2c-e842-4027-8dd6-aeadd0b1c3b3
internal_request_id,ea4fac5d-6d9b-4779-8102-178476e1f36a,ea4fac5d-6d9b-4779-8102-178476e1f36a
internal_request_id,92d3b80e-e35d-42db-8a7f-60282f60a8dd,92d3b80e-e35d-42db-8a7f-60282f60a8dd
internal_request_id,433175b2-0b70-4dd1-9e28-08b71c80d830,433175b2-0b70-4dd1-9e28-08b71c80d830
internal_request_id,53f1b197-492d-4e33-af94-ab97563d1945,53f1b197-492d-4e33-af94-ab97563d1945
internal_request_id,418c0f19-7ebc-49b4-8747-cdb23d723d6a,418c0f19-7ebc-49b4-8747-cdb23d723d6a
internal_request_id,a641e36b-c840-4a41-bb07-7b8a150ea088,a641e36b-c840-4a41-bb07-7b8a150ea088
internal_request_id,f61fbd3b-245e-4955-8c87-83d732b5df46,f61fbd3b-245e-4955-8c87-83d732b5df46
internal_request_id,ed12c23d-c9d6-410c-b8b1-14d77eefc2f1,ed12c23d-c9d6-410c-b8b1-14d77eefc2f1
internal_request_id,f5984418-7602-4cba-bbff-a8d86dc3812c,f5984418-7602-4cba-bbff-a8d86dc3812c
internal_request_id,40d986c4-babd-481e-a389-43bf1fae82b0,40d986c4-babd-481e-a389-43bf1fae82b0
internal_request_id,360c17ae-78d6-4fcb-89e5-a2aad5ed1ef8,360c17ae-78d6-4fcb-89e5-a2aad5ed1ef8
internal_request_id,b8bcc1a3-7939-42b6-8f47-de3ec751b25d,b8bcc1a3-7939-42b6-8f47-de3ec751b25d
internal_request_id,f754df4f-c988-4487-bc12-fd65b1f5fc4d,f754df4f-c988-4487-bc12-fd65b1f5fc4d
internal_request_id,1c60f5c7-d80d-49ae-bd04-b109af943f0d,1c60f5c7-d80d-49ae-bd04-b109af943f0d
internal_request_id,9c1ce528-7adc-4c69-9976-98d4fe689e91,9c1ce528-7adc-4c69-9976-98d4fe689e91
internal_request_id,16f4a9ff-f1ab-4c5b-adf8-664e18c65342,16f4a9ff-f1ab-4c5b-adf8-664e18c65342
internal_request_id,95e73f74-8ce2-48c8-b4ce-0f0ac8dbf34e,95e73f74-8ce2-48c8-b4ce-0f0ac8dbf34e
internal_request_id,2a0a27e0-0886-4388-a7be-6c8bbc3abc68,2a0a27e0-0886-4388-a7be-6c8bbc3abc68
internal_request_id,aa37ff2f-f09d-4f71-a2b6-9da49796eef9,aa37ff2f-f09d-4f71-a2b6-9da49796eef9
internal_request_id,313de563-a199-4254-b5d0-9b67c7e2f237,313de563-a199-4254-b5d0-9b67c7e2f237
internal_request_id,b7448be0-19af-42d1-bb45-2447e65721f1,b7448be0-19af-42d1-bb45-2447e65721f1
internal_request_id,06e3d774-9aca-4c98-ad9f-4cb2ef561d7a,06e3d774-9aca-4c98-ad9f-4cb2ef561d7a
internal_request_id,6a99bf47-e31e-4488-be37-0b00a0055bab,6a99bf47-e31e-4488-be37-0b00a0055bab
internal_request_id,5d707573-25ec-4241-adf9-959548da50bb,5d707573-25ec-4241-adf9-959548da50bb
internal_request_id,fbe86ebf-e13b-4243-9724-b6c4a1000d5c,fbe86ebf-e13b-4243-9724-b6c4a1000d5c
internal_request_id,4f117158-25e9-4b37-a647-2c22eb29a599,4f117158-25e9-4b37-a647-2c22eb29a599
internal_request_id,7d01c6f9-485a-433b-8787-1e199917779b,7d01c6f9-485a-433b-8787-1e199917779b
internal_request_id,f481094e-9265-4ec1-bf62-cd4670a2e27c,f481094e-9265-4ec1-bf62-cd4670a2e27c
internal_request_id,42edaf37-53ab-4209-8e5a-1857ff39e784,42edaf37-53ab-4209-8e5a-1857ff39e784
internal_request_id,c6618502-4192-4b19-bcd3-d3e33c53c856,c6618502-4192-4b19-bcd3-d3e33c53c856
internal_request_id,2ffba75d-e39e-4e62-9eab-c3ea3e511645,2ffba75d-e39e-4e62-9eab-c3ea3e511645
internal_request_id,f5d0fb52-6d09-4178-a303-c47d86db7b38,f5d0fb52-6d09-4178-a303-c47d86db7b38
internal_request_id,0d2fb09e-5669-4049-8dc4-622cf12dec69,0d2fb09e-5669-4049-8dc4-622cf12dec69
internal_request_id,dc53dd9c-c500-4277-a44a-6336ba768437,dc53dd9c-c500-4277-a44a-6336ba768437
internal_request_id,483e58b2-dcfa-4032-a514-6ac284a0370a,483e58b2-dcfa-4032-a514-6ac284a0370a
internal_request_id,98ee313d-8d7c-4961-ab2e-469c21646d2f,98ee313d-8d7c-4961-ab2e-469c21646d2f
internal_request_id,db802d66-5b4f-49cf-9747-15d4fa39e0c1,db802d66-5b4f-49cf-9747-15d4fa39e0c1
internal_request_id,cf3b595e-b9a5-4479-8cd6-f5bfc0ba6842,cf3b595e-b9a5-4479-8cd6-f5bfc0ba6842
internal_request_id,3098c4df-1061-40e7-8659-901837f5abbc,3098c4df-1061-40e7-8659-901837f5abbc
internal_request_id,f4d00e98-b5b1-4bc0-80b5-ea120167793c,f4d00e98-b5b1-4bc0-80b5-ea120167793c
internal_request_id,9cb0ff16-5d21-430c-bf2f-9d9370023fe3,9cb0ff16-5d21-430c-bf2f-9d9370023fe3
internal_request_id,e367837c-b5e6-43df-8675-12ab532e53db,e367837c-b5e6-43df-8675-12ab532e53db
internal_request_id,a4dd1fbf-e684-4979-bed0-843d3e1139b0,a4dd1fbf-e684-4979-bed0-843d3e1139b0
internal_request_id,40064f43-c72e-4eaf-ba25-c539f37b5393,40064f43-c72e-4eaf-ba25-c539f37b5393
internal_request_id,ca341e5f-19e6-4084-8a53-dc15a5a0c825,ca341e5f-19e6-4084-8a53-dc15a5a0c825
internal_request_id,b2dfa29c-0610-40ba-8ba5-8518fbc36fcb,b2dfa29c-0610-40ba-8ba5-8518fbc36fcb
internal_request_id,da7d4292-83d8-45d5-adbe-3f87b81627a0,da7d4292-83d8-45d5-adbe-3f87b81627a0
internal_request_id,638edd6f-5bd8-4db7-85b6-348603a67e72,638edd6f-5bd8-4db7-85b6-348603a67e72
internal_request_id,16094f54-3932-4a84-9bcf-2dd9d91ba2a8,16094f54-3932-4a84-9bcf-2dd9d91ba2a8
internal_request_id,2712dde5-1860-4304-82ff-795c1be9aac6,2712dde5-1860-4304-82ff-795c1be9aac6
internal_request_id,a2704c4e-b134-4a37-bc0b-42e7180d898e,a2704c4e-b134-4a37-bc0b-42e7180d898e
internal_request_id,85559993-dfb6-48f7-ad4a-2c875d274207,85559993-dfb6-48f7-ad4a-2c875d274207
internal_request_id,2e6ce534-cab7-4c54-a1c5-9b5a85ed99f5,2e6ce534-cab7-4c54-a1c5-9b5a85ed99f5
internal_request_id,9dfc1bfe-3381-4318-a394-c9535f7ee6cb,9dfc1bfe-3381-4318-a394-c9535f7ee6cb
internal_request_id,3f12d0a1-cdf5-4805-8d8a-c84a6eda2892,3f12d0a1-cdf5-4805-8d8a-c84a6eda2892
internal_request_id,e3622de5-7485-4262-9782-4f416d121561,e3622de5-7485-4262-9782-4f416d121561
internal_request_id,15ce69c1-b730-4697-9bcf-38553296b625,15ce69c1-b730-4697-9bcf-38553296b625
internal_request_id,914c85e4-94ee-4b85-94f3-22b60c9b4d9b,914c85e4-94ee-4b85-94f3-22b60c9b4d9b
internal_request_id,dbfda448-a8c4-4097-98c5-4bc8612e0325,dbfda448-a8c4-4097-98c5-4bc8612e0325
internal_request_id,4a6ec609-e3e4-4d28-aa2f-4a089dd00409,4a6ec609-e3e4-4d28-aa2f-4a089dd00409
internal_request_id,b08c044d-aca3-42bd-830d-6f839266dfa4,b08c044d-aca3-42bd-830d-6f839266dfa4
internal_request_id,a1c004b0-8214-4f02-9531-a78bd6cd7284,a1c004b0-8214-4f02-9531-a78bd6cd7284
internal_request_id,62f1ab96-b140-476c-8c55-bf985c3f5373,62f1ab96-b140-476c-8c55-bf985c3f5373
internal_request_id,6f53900d-b749-46e5-84d1-239ece7a9451,6f53900d-b749-46e5-84d1-239ece7a9451
internal_request_id,ba3a7f58-31f4-4347-8ae2-52761fff4923,ba3a7f58-31f4-4347-8ae2-52761fff4923
internal_request_id,d1bf2e82-7b1e-411b-a8bd-a3c8cab2144e,d1bf2e82-7b1e-411b-a8bd-a3c8cab2144e
internal_request_id,bd49bc1c-a97e-4ff9-aa12-5e024cc8f035,bd49bc1c-a97e-4ff9-aa12-5e024cc8f035
internal_request_id,27a4fefb-ffb4-4b86-ab2b-2f737c8feea0,27a4fefb-ffb4-4b86-ab2b-2f737c8feea0
internal_request_id,bb1d54e0-b04d-4b57-b123-d28c18b21031,bb1d54e0-b04d-4b57-b123-d28c18b21031
internal_request_id,6d42814b-237b-4e24-ae26-cefcd93b0b0d,6d42814b-237b-4e24-ae26-cefcd93b0b0d
internal_request_id,812bbe36-727c-46b8-a8c8-cabcd73cb3c8,812bbe36-727c-46b8-a8c8-cabcd73cb3c8
internal_request_id,3cb09cb2-5620-46fb-a5ee-27eb543a7518,3cb09cb2-5620-46fb-a5ee-27eb543a7518
internal_request_id,40ec09ff-50de-44a6-ae85-a6ebeb1f7b06,40ec09ff-50de-44a6-ae85-a6ebeb1f7b06
internal_request_id,524f863c-3863-4a56-9d69-70e00398af68,524f863c-3863-4a56-9d69-70e00398af68
internal_request_id,432ac1aa-553e-4fe5-9455-258f92985ac9,432ac1aa-553e-4fe5-9455-258f92985ac9
internal_request_id,9d43075e-0417-472d-8d20-21c812e22080,9d43075e-0417-472d-8d20-21c812e22080
internal_request_id,1cfa87cc-336e-4519-864d-f08f094fd796,1cfa87cc-336e-4519-864d-f08f094fd796
internal_request_id,e9fa4568-f863-4480-8198-64a14dddb017,e9fa4568-f863-4480-8198-64a14dddb017
internal_request_id,38ac82fa-0592-4bd8-9a78-367ec5ce4a82,38ac82fa-0592-4bd8-9a78-367ec5ce4a82
internal_request_id,82652c0d-f30a-47eb-b750-d579989abbd4,82652c0d-f30a-47eb-b750-d579989abbd4
internal_request_id,64f72460-8b04-446f-af16-56973c8f2f86,64f72460-8b04-446f-af16-56973c8f2f86
internal_request_id,34fef7a1-ab02-4166-8187-c7f899bd1efe,34fef7a1-ab02-4166-8187-c7f899bd1efe
internal_request_id,255961ab-f913-49d3-b3d7-a9f3bd0bc8eb,255961ab-f913-49d3-b3d7-a9f3bd0bc8eb
internal_request_id,3ddebd70-e45d-4725-b174-8e081a093c4f,3ddebd70-e45d-4725-b174-8e081a093c4f
internal_request_id,7b2b57d1-9a7e-44f6-babe-9d75e7b5d36f,7b2b57d1-9a7e-44f6-babe-9d75e7b5d36f
internal_request_id,eca6575c-5166-4449-836d-3858b16bf10e,eca6575c-5166-4449-836d-3858b16bf10e
internal_request_id,2b3fb207-8a84-424d-a905-9fa7477f8647,2b3fb207-8a84-424d-a905-9fa7477f8647
internal_request_id,061db90c-e28f-49ee-ac9d-3ddfb730202c,061db90c-e28f-49ee-ac9d-3ddfb730202c
internal_request_id,5f8a8e64-a393-49d3-8941-f0ec0cee390f,5f8a8e64-a393-49d3-8941-f0ec0cee390f
internal_request_id,5b08c493-a3d8-4a24-a13a-13762f8acc39,5b08c493-a3d8-4a24-a13a-13762f8acc39
internal_request_id,044e3afa-7a69-4a8f-b88e-ef91622f0d76,044e3afa-7a69-4a8f-b88e-ef91622f0d76
internal_request_id,e3ad3305-c5d5-4cf4-9402-a3005c505845,e3ad3305-c5d5-4cf4-9402-a3005c505845
internal_request_id,87f2eaa9-f980-45d2-92ce-53263091cfec,87f2eaa9-f980-45d2-92ce-53263091cfec
internal_request_id,e2feef84-4d0b-4dac-8519-e6b383a19290,e2feef84-4d0b-4dac-8519-e6b383a19290
internal_request_id,2f246116-0cbe-40dc-bfa8-7dd9576326ed,2f246116-0cbe-40dc-bfa8-7dd9576326ed
internal_request_id,bd6c9aee-7766-4b24-82fd-d8e43b14b582,bd6c9aee-7766-4b24-82fd-d8e43b14b582
internal_request_id,edc9f831-ad6d-44dc-a2ac-55ae4b2266a1,edc9f831-ad6d-44dc-a2ac-55ae4b2266a1
internal_request_id,0322bcb5-ffd7-4f25-8be5-4c9c977efa5d,0322bcb5-ffd7-4f25-8be5-4c9c977efa5d
internal_request_id,cefaf1c7-f847-418f-935b-025712388ae6,cefaf1c7-f847-418f-935b-025712388ae6
internal_request_id,cb60fbc9-f87c-4a4e-80bd-63b5e21ba70b,cb60fbc9-f87c-4a4e-80bd-63b5e21ba70b
internal_request_id,55f66290-8c4b-4100-9d46-7ea86be6706a,55f66290-8c4b-4100-9d46-7ea86be6706a
internal_request_id,9f88d0ce-3993-4a90-b7d2-a3dec81a5c66,9f88d0ce-3993-4a90-b7d2-a3dec81a5c66
internal_request_id,2fcf42f0-dbcd-4cee-a7f4-9d5c0385abd9,2fcf42f0-dbcd-4cee-a7f4-9d5c0385abd9
internal_request_id,0cc5622f-9cb5-4242-8f5e-e341d7cf371b,0cc5622f-9cb5-4242-8f5e-e341d7cf371b
internal_request_id,cac3c7a2-d043-4b78-a135-9e17ad61df18,cac3c7a2-d043-4b78-a135-9e17ad61df18
internal_request_id,fdad99b7-5b6f-4112-a53b-bece5ccceaf0,fdad99b7-5b6f-4112-a53b-bece5ccceaf0
internal_request_id,ab27c4eb-ea3c-4199-a414-659c29532162,ab27c4eb-ea3c-4199-a414-659c29532162
internal_request_id,3160eb71-5815-44c6-a3b6-591d1d1f270c,3160eb71-5815-44c6-a3b6-591d1d1f270c
internal_request_id,238f4fce-b7d6-49b3-a0a4-a15d73ab354c,238f4fce-b7d6-49b3-a0a4-a15d73ab354c
internal_request_id,61363ba2-b11c-4f74-82c3-bda3ff99d2d4,61363ba2-b11c-4f74-82c3-bda3ff99d2d4
internal_request_id,2205166f-88bf-4103-8d91-a74dcb1416c3,2205166f-88bf-4103-8d91-a74dcb1416c3
internal_request_id,73b39fe4-d26b-4157-a395-4c86ce54684a,73b39fe4-d26b-4157-a395-4c86ce54684a
internal_request_id,3cb6aa4f-7cf3-43d6-bf28-0e11ffd7f843,3cb6aa4f-7cf3-43d6-bf28-0e11ffd7f843
internal_request_id,548daa95-426d-4a93-8943-690878342793,548daa95-426d-4a93-8943-690878342793
internal_request_id,2d3cc557-bb0a-4460-a3dc-674118975afb,2d3cc557-bb0a-4460-a3dc-674118975afb
internal_request_id,b463051f-94ca-4836-927e-838e724137e9,b463051f-94ca-4836-927e-838e724137e9
internal_request_id,35d99745-f7fe-4e5f-a820-09708d236674,35d99745-f7fe-4e5f-a820-09708d236674
internal_request_id,d0600a6e-12ea-41ba-a341-432ffa6e53af,d0600a6e-12ea-41ba-a341-432ffa6e53af
internal_request_id,0355d89a-449d-42c4-892c-0a398df836f6,0355d89a-449d-42c4-892c-0a398df836f6
internal_request_id,51b8880f-f14e-4fed-83a0-2a79d2182cc5,51b8880f-f14e-4fed-83a0-2a79d2182cc5
internal_request_id,471965ab-bd1c-445e-96e3-5c78f462d03d,471965ab-bd1c-445e-96e3-5c78f462d03d
internal_request_id,569dfd25-07b9-4c29-9938-9e2361f3103a,569dfd25-07b9-4c29-9938-9e2361f3103a
internal_request_id,b97e48c5-2b18-4fdd-9d63-0e0954f4ef18,b97e48c5-2b18-4fdd-9d63-0e0954f4ef18
internal_request_id,b1e70c31-7f94-4ca1-8852-a39aa6cafac0,b1e70c31-7f94-4ca1-8852-a39aa6cafac0
internal_request_id,186931a7-2f1d-4bc9-8d07-f41b2c76026a,186931a7-2f1d-4bc9-8d07-f41b2c76026a
internal_request_id,0b721a1a-9d45-4a48-a2b3-7a8216cb7a5d,0b721a1a-9d45-4a48-a2b3-7a8216cb7a5d
internal_request_id,19be9614-079b-46af-8830-38c2683c0c4a,19be9614-079b-46af-8830-38c2683c0c4a
internal_request_id,0e812046-80ed-48ff-8328-29eeb7e910e2,0e812046-80ed-48ff-8328-29eeb7e910e2
internal_request_id,c5adaa1e-357d-4ce7-acb8-e099b4bb3e3a,c5adaa1e-357d-4ce7-acb8-e099b4bb3e3a
internal_request_id,a2a00059-3068-43c1-9129-05930912500b,a2a00059-3068-43c1-9129-05930912500b
internal_request_id,fe70f81f-4f81-4878-addc-63ecbe05ee9c,fe70f81f-4f81-4878-addc-63ecbe05ee9c
internal_request_id,05412e99-8bea-4ca6-8db9-9de0352e9a70,05412e99-8bea-4ca6-8db9-9de0352e9a70
internal_request_id,6a993e71-c457-417f-8502-d8d7d6453f4a,6a993e71-c457-417f-8502-d8d7d6453f4a
internal_request_id,4d46fc43-90ec-4772-9a85-9defb84c267f,4d46fc43-90ec-4772-9a85-9defb84c267f
internal_request_id,d82be97c-c338-4934-9f01-ab91fdf3452c,d82be97c-c338-4934-9f01-ab91fdf3452c
internal_request_id,03e6b0e9-28f7-4231-8762-597189280fc3,03e6b0e9-28f7-4231-8762-597189280fc3
internal_request_id,1db524de-0176-4439-96b9-d90ff02f81cf,1db524de-0176-4439-96b9-d90ff02f81cf
internal_request_id,731985d7-f2bf-4a29-9247-b87dc63609a7,731985d7-f2bf-4a29-9247-b87dc63609a7
internal_request_id,00ff61ab-6875-45f7-b82a-a3e570e04d89,00ff61ab-6875-45f7-b82a-a3e570e04d89
internal_request_id,fe74530b-72b1-47df-8397-a1c9405c32ad,fe74530b-72b1-47df-8397-a1c9405c32ad
internal_request_id,2042ad92-3a60-4e57-a1a3-9f407489c913,2042ad92-3a60-4e57-a1a3-9f407489c913
internal_request_id,602165d1-7042-4eab-8468-e7fbafcab5de,602165d1-7042-4eab-8468-e7fbafcab5de
internal_request_id,6b57f434-e40e-4a11-a9ed-a988215f7e76,6b57f434-e40e-4a11-a9ed-a988215f7e76
internal_request_id,efe0e2b5-b5cd-4c1e-bca6-45d1aeb2d5d6,efe0e2b5-b5cd-4c1e-bca6-45d1aeb2d5d6
internal_request_id,d711440e-55da-4669-af57-e0242fb0ff7f,d711440e-55da-4669-af57-e0242fb0ff7f
internal_request_id,0e412b1c-f42a-441b-8e58-e23aef84b98b,0e412b1c-f42a-441b-8e58-e23aef84b98b
internal_request_id,4da99830-cbbb-4f98-aed1-f0b818400510,4da99830-cbbb-4f98-aed1-f0b818400510
internal_request_id,64a435ee-ae50-4aea-ba78-af1cb947f749,64a435ee-ae50-4aea-ba78-af1cb947f749
internal_request_id,b961408a-ad4d-45f0-bd3a-d3e76d338177,b961408a-ad4d-45f0-bd3a-d3e76d338177
internal_request_id,8fb08b66-86cb-4eb7-a8f0-d3793d6c314b,8fb08b66-86cb-4eb7-a8f0-d3793d6c314b
internal_request_id,b0ad26dd-7906-43e8-82e4-cf5c24091357,b0ad26dd-7906-43e8-82e4-cf5c24091357
internal_request_id,6fff844a-6f68-4765-b7ac-0548ccc5e874,6fff844a-6f68-4765-b7ac-0548ccc5e874
internal_request_id,b610f29e-7424-4c9e-8b1f-180d02eb4f2b,b610f29e-7424-4c9e-8b1f-180d02eb4f2b
internal_request_id,c59f8679-8c23-4465-826a-f379eee66c88,c59f8679-8c23-4465-826a-f379eee66c88
internal_request_id,2a0f0d5e-7967-4ba6-bee0-210986d55b24,2a0f0d5e-7967-4ba6-bee0-210986d55b24
internal_request_id,ae9198f3-b5f2-4e43-8150-f7aa8c647ae5,ae9198f3-b5f2-4e43-8150-f7aa8c647ae5
internal_request_id,7c6c9159-58b1-4be9-bf7e-b799fc57ef62,7c6c9159-58b1-4be9-bf7e-b799fc57ef62
internal_request_id,ba5c2ff8-a4d6-4056-8f96-aa34cae53b01,ba5c2ff8-a4d6-4056-8f96-aa34cae53b01
internal_request_id,323f9cb3-2797-46f8-8e8d-bb64123a7bad,323f9cb3-2797-46f8-8e8d-bb64123a7bad
internal_request_id,59be078b-71e9-4c7b-bd10-9bcf23cfd54c,59be078b-71e9-4c7b-bd10-9bcf23cfd54c
internal_request_id,b43e3c50-b768-4aa1-a62e-d3e3d6928769,b43e3c50-b768-4aa1-a62e-d3e3d6928769
internal_request_id,5903e88c-bb1e-4112-b416-687a43e19fdb,5903e88c-bb1e-4112-b416-687a43e19fdb
internal_request_id,9f9bb249-d94d-4860-bc8d-08023077b0a5,9f9bb249-d94d-4860-bc8d-08023077b0a5
internal_request_id,41bcc9ed-c73c-4adf-b8e1-f37ae3243c06,41bcc9ed-c73c-4adf-b8e1-f37ae3243c06
internal_request_id,4eae805a-4750-412a-9309-c4f0a279d385,4eae805a-4750-412a-9309-c4f0a279d385
internal_request_id,69110155-82b4-4ac0-bbf8-694c04926b46,69110155-82b4-4ac0-bbf8-694c04926b46
internal_request_id,39fd1d9b-117b-4750-aba0-031dda49fb91,39fd1d9b-117b-4750-aba0-031dda49fb91
internal_request_id,5ee88d23-b423-4a9a-9021-3dafa58756df,5ee88d23-b423-4a9a-9021-3dafa58756df
internal_request_id,62b400a4-3108-4c51-aa6d-56e264f94f11,62b400a4-3108-4c51-aa6d-56e264f94f11
internal_request_id,bb4348c3-4f6f-4069-9ade-109d8648df42,bb4348c3-4f6f-4069-9ade-109d8648df42
internal_request_id,037424d4-4507-4b5b-ab40-3f97b2055011,037424d4-4507-4b5b-ab40-3f97b2055011
internal_request_id,e1319d88-924a-4cbb-a631-1cfc67790e36,e1319d88-924a-4cbb-a631-1cfc67790e36
internal_request_id,29f6f0f0-3f6f-4c5c-b494-c9f0825b3bcc,29f6f0f0-3f6f-4c5c-b494-c9f0825b3bcc
internal_request_id,079c4a71-22c8-4d10-ae96-b6f110a2929b,079c4a71-22c8-4d10-ae96-b6f110a2929b
internal_request_id,e92a7774-cb7b-4dc2-a168-f60939f09aed,e92a7774-cb7b-4dc2-a168-f60939f09aed
internal_request_id,74481c30-2753-42d1-ab1c-6ee8c5e31850,74481c30-2753-42d1-ab1c-6ee8c5e31850
internal_request_id,3dd9cebd-2ca0-45d7-ba76-06428b398e51,3dd9cebd-2ca0-45d7-ba76-06428b398e51
internal_request_id,5bab092f-ed06-47d4-a469-9b33981b3124,5bab092f-ed06-47d4-a469-9b33981b3124
internal_request_id,5ed8d967-b915-410a-b663-4b0608985344,5ed8d967-b915-410a-b663-4b0608985344
internal_request_id,af1c58af-1db1-4b4b-ae9d-214e4279f639,af1c58af-1db1-4b4b-ae9d-214e4279f639
internal_request_id,c72661a7-ddcf-449a-a759-dda0f2ef6111,c72661a7-ddcf-449a-a759-dda0f2ef6111
internal_request_id,c22a0c99-6179-4f2a-bc7a-0ae169e74b73,c22a0c99-6179-4f2a-bc7a-0ae169e74b73
internal_request_id,9b738ef8-9282-464a-be57-544c3c4b2d6f,9b738ef8-9282-464a-be57-544c3c4b2d6f
internal_request_id,1f719941-d544-4125-a16d-fd9baf32d2e4,1f719941-d544-4125-a16d-fd9baf32d2e4
internal_request_id,3cfe6821-e99a-4180-8d3a-22248d10281d,3cfe6821-e99a-4180-8d3a-22248d10281d
internal_request_id,d7fad7f6-9a30-4626-8b65-1fbeaf827335,d7fad7f6-9a30-4626-8b65-1fbeaf827335
internal_request_id,2a2d8bc7-7c7b-4819-ba24-76f36329fe73,2a2d8bc7-7c7b-4819-ba24-76f36329fe73
internal_request_id,7a37a263-9801-4327-bab8-ad880729cf48,7a37a263-9801-4327-bab8-ad880729cf48
internal_request_id,e9fdb2fa-fbc7-457f-b9b2-8ddad118699b,e9fdb2fa-fbc7-457f-b9b2-8ddad118699b
internal_request_id,39b18c72-d726-43e8-b89b-c11b7f151d1d,39b18c72-d726-43e8-b89b-c11b7f151d1d
internal_request_id,d1778657-ed02-44f5-b414-8c4329dc0b0f,d1778657-ed02-44f5-b414-8c4329dc0b0f
internal_request_id,bf5ce45a-fc45-425a-8086-04f9fd47b800,bf5ce45a-fc45-425a-8086-04f9fd47b800
internal_request_id,263e95e0-bfc0-43d3-a69c-f4e2b1254aea,263e95e0-bfc0-43d3-a69c-f4e2b1254aea
internal_request_id,e4befb19-5a91-43a9-beb6-bef5fc728481,e4befb19-5a91-43a9-beb6-bef5fc728481
internal_request_id,ee10b506-4356-4195-bde3-c8a20297dc3e,ee10b506-4356-4195-bde3-c8a20297dc3e
internal_request_id,30c40b22-fd8f-4fd2-b1a0-d8e354f7c142,30c40b22-fd8f-4fd2-b1a0-d8e354f7c142
internal_request_id,6158c83d-b18e-4ccf-bd93-7fdb4aa8489e,6158c83d-b18e-4ccf-bd93-7fdb4aa8489e
internal_request_id,66e56248-86e4-4388-9187-89bcba33e75e,66e56248-86e4-4388-9187-89bcba33e75e
internal_request_id,c92d8177-4dde-4895-bcb3-7c710f27053f,c92d8177-4dde-4895-bcb3-7c710f27053f
internal_request_id,029c8045-92c6-4472-a8fc-6c4a0ddcc39e,029c8045-92c6-4472-a8fc-6c4a0ddcc39e
internal_request_id,462c0634-599b-42b0-bba2-145598543808,462c0634-599b-42b0-bba2-145598543808
internal_request_id,82064dbd-1e02-44b7-9028-23e3e0eb5505,82064dbd-1e02-44b7-9028-23e3e0eb5505
internal_request_id,85d18829-a00d-46c1-981f-173680b39f0d,85d18829-a00d-46c1-981f-173680b39f0d
internal_request_id,9746e135-57b8-483e-9a97-ac9bd8085da9,9746e135-57b8-483e-9a97-ac9bd8085da9
internal_request_id,e6850cb1-dec0-4e0e-a9be-fba40fdd8315,e6850cb1-dec0-4e0e-a9be-fba40fdd8315
internal_request_id,415dcb8b-5c1f-46b1-9bce-6a09df059766,415dcb8b-5c1f-46b1-9bce-6a09df059766
internal_request_id,5b188eae-62ae-40cd-a3b8-d04fc7a04c9f,5b188eae-62ae-40cd-a3b8-d04fc7a04c9f
internal_request_id,15defdce-f229-4ea8-9881-ba14647e054f,15defdce-f229-4ea8-9881-ba14647e054f
internal_request_id,9183a96d-bd6c-4b74-bf5a-1c3709147747,9183a96d-bd6c-4b74-bf5a-1c3709147747
internal_request_id,be953acb-9455-46c4-864d-77c1ab3917a7,be953acb-9455-46c4-864d-77c1ab3917a7
internal_request_id,c536fc14-ef26-4ffb-9bd7-08762c790c17,c536fc14-ef26-4ffb-9bd7-08762c790c17
internal_request_id,7fad0605-3e24-40ec-aa35-e8c03f46feea,7fad0605-3e24-40ec-aa35-e8c03f46feea
internal_request_id,b379615e-e05c-4165-8659-63fc184f7f8c,b379615e-e05c-4165-8659-63fc184f7f8c
internal_request_id,ea30c75f-f804-4c6c-bd77-5252a350c9d2,ea30c75f-f804-4c6c-bd77-5252a350c9d2
internal_request_id,beba2cb0-d319-4238-8f39-f5804023c4ed,beba2cb0-d319-4238-8f39-f5804023c4ed
internal_request_id,370c3877-25bc-421a-887f-da61df0fb35e,370c3877-25bc-421a-887f-da61df0fb35e
internal_request_id,3a325bd2-71a5-4368-bcdd-232c83abae1b,3a325bd2-71a5-4368-bcdd-232c83abae1b
internal_request_id,cd246d17-c85d-4dd8-9690-9a94b1ddccb9,cd246d17-c85d-4dd8-9690-9a94b1ddccb9
internal_request_id,3e760b1c-c73b-4857-a98c-bb41f9fc11d3,3e760b1c-c73b-4857-a98c-bb41f9fc11d3
internal_request_id,6afd6959-fac0-4b81-ab4d-fed38192fbf1,6afd6959-fac0-4b81-ab4d-fed38192fbf1
internal_request_id,768a0f08-7023-41f6-a674-e430a0d6779a,768a0f08-7023-41f6-a674-e430a0d6779a
internal_request_id,53572b5a-0f32-4408-a1d1-a6424b49ad70,53572b5a-0f32-4408-a1d1-a6424b49ad70
internal_request_id,11f28a0d-db5c-4c75-a0e4-0afa00454dfe,11f28a0d-db5c-4c75-a0e4-0afa00454dfe
internal_request_id,52253ef0-c618-4c23-b644-1629dccd9cfe,52253ef0-c618-4c23-b644-1629dccd9cfe
internal_request_id,234c75b2-08a8-4518-a1d6-5c5480d08db3,234c75b2-08a8-4518-a1d6-5c5480d08db3
internal_request_id,741ae598-077d-43e1-9f7c-5005d585c405,741ae598-077d-43e1-9f7c-5005d585c405
internal_request_id,d1085472-e71d-4af0-a8e6-f8999f9d3c9b,d1085472-e71d-4af0-a8e6-f8999f9d3c9b
internal_request_id,7bb78096-6a76-4860-b94b-e59c06c0e1ce,7bb78096-6a76-4860-b94b-e59c06c0e1ce
internal_request_id,cb06865b-ab0c-4909-8797-264d8c6580c0,cb06865b-ab0c-4909-8797-264d8c6580c0
internal_request_id,687e47ff-2d74-4e5c-a565-4a89847e8262,687e47ff-2d74-4e5c-a565-4a89847e8262
internal_request_id,a7dd83b3-ca11-44b7-a605-cff2de7c90aa,a7dd83b3-ca11-44b7-a605-cff2de7c90aa
internal_request_id,0bd59244-e9c5-4ce2-9e88-e9570968b78d,0bd59244-e9c5-4ce2-9e88-e9570968b78d
